ID,dipole_moment
tensor([nan]),2.6665506
tensor([nan]),1.3769814
tensor([nan]),1.5206066
tensor([nan]),1.8121403
tensor([nan]),2.877235
tensor([nan]),1.4366848
tensor([nan]),3.9219656
tensor([nan]),3.3923993
tensor([nan]),1.3233019
tensor([nan]),1.90603
tensor([nan]),2.397576
tensor([nan]),4.060941
tensor([nan]),2.3954835
tensor([nan]),2.2557545
tensor([nan]),3.1461997
tensor([nan]),1.4615934
tensor([nan]),2.6492534
tensor([nan]),2.757207
tensor([nan]),1.2950659
tensor([nan]),2.0856423
tensor([nan]),1.6173748
tensor([nan]),2.227818
tensor([nan]),2.9186697
tensor([nan]),2.3527873
tensor([nan]),1.537317
tensor([nan]),2.4044409
tensor([nan]),3.3284383
tensor([nan]),1.1407892
tensor([nan]),3.461268
tensor([nan]),1.6858655
tensor([nan]),1.2390909
tensor([nan]),2.0985258
tensor([nan]),1.179292
tensor([nan]),1.8331696
tensor([nan]),2.1007252
tensor([nan]),3.1515865
tensor([nan]),3.676516
tensor([nan]),4.849719
tensor([nan]),4.3508234
tensor([nan]),1.5873955
tensor([nan]),2.54946
tensor([nan]),1.4384307
tensor([nan]),1.603664
tensor([nan]),0.3312747
tensor([nan]),2.0246944
tensor([nan]),2.2955337
tensor([nan]),2.2799778
tensor([nan]),1.5954478
tensor([nan]),1.9711491
tensor([nan]),3.7132058
tensor([nan]),1.5100992
tensor([nan]),1.4922688
tensor([nan]),4.836116
tensor([nan]),1.7218858
tensor([nan]),1.1755476
tensor([nan]),1.3989352
tensor([nan]),3.1126046
tensor([nan]),2.9709501
tensor([nan]),1.4682049
tensor([nan]),2.6643438
tensor([nan]),2.2132478
tensor([nan]),3.53799
tensor([nan]),2.8594584
tensor([nan]),1.5622653
tensor([nan]),2.1004415
tensor([nan]),3.6098862
tensor([nan]),4.0701513
tensor([nan]),4.356972
tensor([nan]),2.9818115
tensor([nan]),2.1458025
tensor([nan]),3.4213843
tensor([nan]),3.0683722
tensor([nan]),1.3504906
tensor([nan]),2.2953687
tensor([nan]),0.5876651
tensor([nan]),2.30896
tensor([nan]),4.0999155
tensor([nan]),2.5533795
tensor([nan]),3.4934149
tensor([nan]),2.6675549
tensor([nan]),2.2045436
tensor([nan]),1.7698263
tensor([nan]),1.9161477
tensor([nan]),1.5690483
tensor([nan]),3.8693218
tensor([nan]),1.095556
tensor([nan]),3.3261065
tensor([nan]),2.3067088
tensor([nan]),1.5343493
tensor([nan]),3.3472114
tensor([nan]),3.1727667
tensor([nan]),3.7542481
tensor([nan]),3.0547757
tensor([nan]),3.0058236
tensor([nan]),0.050065517
tensor([nan]),4.501855
tensor([nan]),3.174302
tensor([nan]),2.4514232
tensor([nan]),1.7815763
tensor([nan]),2.346336
tensor([nan]),1.3068019
tensor([nan]),1.5081064
tensor([nan]),1.6305996
tensor([nan]),1.5976948
tensor([nan]),4.2451286
tensor([nan]),1.9543793
tensor([nan]),0.4559117
tensor([nan]),3.5642982
tensor([nan]),3.737369
tensor([nan]),1.5211703
tensor([nan]),1.9719903
tensor([nan]),4.0207086
tensor([nan]),0.8295338
tensor([nan]),4.4812984
tensor([nan]),1.7793174
tensor([nan]),2.5623841
tensor([nan]),3.26413
tensor([nan]),2.6109834
tensor([nan]),1.8675321
tensor([nan]),3.0999084
tensor([nan]),1.442138
tensor([nan]),1.4086637
tensor([nan]),1.4806851
tensor([nan]),3.5668354
tensor([nan]),2.708281
tensor([nan]),1.5843369
tensor([nan]),1.8462905
tensor([nan]),2.0621152
tensor([nan]),3.3868728
tensor([nan]),1.107984
tensor([nan]),3.223236
tensor([nan]),3.6314335
tensor([nan]),3.2668056
tensor([nan]),2.2071447
tensor([nan]),1.5365459
tensor([nan]),4.4628634
tensor([nan]),1.3022125
tensor([nan]),1.8193223
tensor([nan]),4.3759356
tensor([nan]),3.0718718
tensor([nan]),2.0353055
tensor([nan]),2.205654
tensor([nan]),5.1862106
tensor([nan]),3.9765663
tensor([nan]),1.5453746
tensor([nan]),1.8154887
tensor([nan]),2.3913765
tensor([nan]),1.6728995
tensor([nan]),1.2487077
tensor([nan]),2.2901802
tensor([nan]),2.8698444
tensor([nan]),2.3623605
tensor([nan]),3.091525
tensor([nan]),4.5738583
tensor([nan]),1.792322
tensor([nan]),1.7813743
tensor([nan]),3.9554229
tensor([nan]),1.4018264
tensor([nan]),1.6304713
tensor([nan]),2.6619678
tensor([nan]),2.1393733
tensor([nan]),4.029951
tensor([nan]),1.5884782
tensor([nan]),2.92237
tensor([nan]),2.28782
tensor([nan]),3.7034125
tensor([nan]),2.3737311
tensor([nan]),2.0371482
tensor([nan]),3.9857044
tensor([nan]),1.6572099
tensor([nan]),3.896215
tensor([nan]),2.1287684
tensor([nan]),2.7482367
tensor([nan]),1.892018
tensor([nan]),3.0408058
tensor([nan]),1.4655875
tensor([nan]),2.89148
tensor([nan]),1.8174505
tensor([nan]),2.8134708
tensor([nan]),2.120409
tensor([nan]),2.0476127
tensor([nan]),1.263794
tensor([nan]),2.7313852
tensor([nan]),1.3488624
tensor([nan]),4.1868114
tensor([nan]),2.9389415
tensor([nan]),0.59411526
tensor([nan]),2.482779
tensor([nan]),2.5505896
tensor([nan]),3.4352798
tensor([nan]),2.3027213
tensor([nan]),0.53657126
tensor([nan]),3.423833
tensor([nan]),1.5433497
tensor([nan]),2.542128
tensor([nan]),3.303307
tensor([nan]),2.431153
tensor([nan]),1.2435784
tensor([nan]),1.7802569
tensor([nan]),1.8277817
tensor([nan]),1.8602866
tensor([nan]),1.7113444
tensor([nan]),1.947445
tensor([nan]),3.0032816
tensor([nan]),3.5576673
tensor([nan]),2.0083776
tensor([nan]),3.138914
tensor([nan]),2.2271
tensor([nan]),2.3461995
tensor([nan]),4.2612123
tensor([nan]),1.5310665
tensor([nan]),2.6368732
tensor([nan]),3.0622225
tensor([nan]),3.959383
tensor([nan]),1.6789682
tensor([nan]),1.312089
tensor([nan]),3.1563416
tensor([nan]),2.2036614
tensor([nan]),1.1793705
tensor([nan]),1.0526901
tensor([nan]),2.263206
tensor([nan]),2.7328815
tensor([nan]),3.3747592
tensor([nan]),2.7800703
tensor([nan]),3.0250602
tensor([nan]),2.2538106
tensor([nan]),3.1750307
tensor([nan]),2.9173222
tensor([nan]),2.3120747
tensor([nan]),3.3635964
tensor([nan]),1.2988353
tensor([nan]),1.3064082
tensor([nan]),3.5614443
tensor([nan]),2.4975214
tensor([nan]),1.7286958
tensor([nan]),2.3544214
tensor([nan]),2.1312356
tensor([nan]),1.4909126
tensor([nan]),1.5053583
tensor([nan]),0.952369
tensor([nan]),5.201216
tensor([nan]),2.1571288
tensor([nan]),4.0316577
tensor([nan]),4.8512087
tensor([nan]),3.379753
tensor([nan]),2.2845168
tensor([nan]),3.598722
tensor([nan]),4.06459
tensor([nan]),3.2228694
tensor([nan]),1.5051583
tensor([nan]),3.210422
tensor([nan]),3.6482954
tensor([nan]),3.3555064
tensor([nan]),1.5486804
tensor([nan]),2.2970276
tensor([nan]),2.4566164
tensor([nan]),2.324111
tensor([nan]),0.6718918
tensor([nan]),2.6423402
tensor([nan]),1.3764902
tensor([nan]),1.6604487
tensor([nan]),3.3003764
tensor([nan]),3.6541214
tensor([nan]),1.1045737
tensor([nan]),3.3475184
tensor([nan]),1.3207653
tensor([nan]),1.9767934
tensor([nan]),2.080667
tensor([nan]),2.317328
tensor([nan]),3.4242854
tensor([nan]),4.3633957
tensor([nan]),1.6436745
tensor([nan]),2.1073432
tensor([nan]),1.9789758
tensor([nan]),1.2872878
tensor([nan]),2.90234
tensor([nan]),3.3315492
tensor([nan]),2.1265078
tensor([nan]),2.2725916
tensor([nan]),1.7748245
tensor([nan]),3.1244044
tensor([nan]),2.218278
tensor([nan]),2.5429654
tensor([nan]),1.6064088
tensor([nan]),2.9594917
tensor([nan]),2.4431033
tensor([nan]),3.0227594
tensor([nan]),3.9392452
tensor([nan]),1.7730235
tensor([nan]),0.41568133
tensor([nan]),2.7794552
tensor([nan]),1.4030678
tensor([nan]),3.2183495
tensor([nan]),1.2524421
tensor([nan]),2.1590197
tensor([nan]),3.7459874
tensor([nan]),1.8087634
tensor([nan]),0.17088693
tensor([nan]),3.633564
tensor([nan]),0.32940516
tensor([nan]),3.2998276
tensor([nan]),3.2093034
tensor([nan]),2.644755
tensor([nan]),3.6618457
tensor([nan]),3.4631534
tensor([nan]),1.4817654
tensor([nan]),2.3568203
tensor([nan]),1.7613338
tensor([nan]),3.975482
tensor([nan]),1.6803766
tensor([nan]),2.17458
tensor([nan]),1.4160619
tensor([nan]),1.6831739
tensor([nan]),0.1567418
tensor([nan]),3.2746143
tensor([nan]),0.5104249
tensor([nan]),1.5648152
tensor([nan]),1.7485013
tensor([nan]),2.7414355
tensor([nan]),1.8549969
tensor([nan]),3.1528287
tensor([nan]),3.0311022
tensor([nan]),1.7005213
tensor([nan]),1.7891469
tensor([nan]),3.8693476
tensor([nan]),1.5601841
tensor([nan]),4.251806
tensor([nan]),4.107624
tensor([nan]),1.4774001
tensor([nan]),2.6551409
tensor([nan]),2.701912
tensor([nan]),2.906304
tensor([nan]),4.2614217
tensor([nan]),1.5701573
tensor([nan]),1.3691411
tensor([nan]),2.8663616
tensor([nan]),1.1954039
tensor([nan]),3.0452566
tensor([nan]),4.420466
tensor([nan]),3.9852352
tensor([nan]),0.16769314
tensor([nan]),2.988689
tensor([nan]),1.4812444
tensor([nan]),2.032421
tensor([nan]),1.7157512
tensor([nan]),0.58914936
tensor([nan]),2.557722
tensor([nan]),2.5447621
tensor([nan]),2.7650485
tensor([nan]),3.5933046
tensor([nan]),0.5993302
tensor([nan]),1.9896566
tensor([nan]),3.4072556
tensor([nan]),3.042554
tensor([nan]),2.995657
tensor([nan]),3.0879064
tensor([nan]),2.7183175
tensor([nan]),2.8080773
tensor([nan]),3.1724029
tensor([nan]),1.2746753
tensor([nan]),1.6176327
tensor([nan]),0.5944858
tensor([nan]),1.5741447
tensor([nan]),1.1931098
tensor([nan]),2.3763795
tensor([nan]),1.5287849
tensor([nan]),1.6066201
tensor([nan]),4.2235994
tensor([nan]),2.521515
tensor([nan]),2.5233836
tensor([nan]),1.4729836
tensor([nan]),2.4239788
tensor([nan]),1.709781
tensor([nan]),1.3603618
tensor([nan]),3.5759625
tensor([nan]),1.4499663
tensor([nan]),1.6643682
tensor([nan]),1.2921286
tensor([nan]),1.6941226
tensor([nan]),2.6519747
tensor([nan]),3.0803452
tensor([nan]),4.016586
tensor([nan]),4.5485997
tensor([nan]),2.1668596
tensor([nan]),1.3440127
tensor([nan]),1.617124
tensor([nan]),2.7619166
tensor([nan]),2.4611378
tensor([nan]),1.8264871
tensor([nan]),2.6158996
tensor([nan]),1.7035302
tensor([nan]),0.44714224
tensor([nan]),2.175129
tensor([nan]),2.0591712
tensor([nan]),1.5703424
tensor([nan]),3.7117958
tensor([nan]),3.1355052
tensor([nan]),1.2102442
tensor([nan]),2.170226
tensor([nan]),2.3281362
tensor([nan]),1.8093871
tensor([nan]),3.3177142
tensor([nan]),2.1515903
tensor([nan]),5.3106103
tensor([nan]),2.475377
tensor([nan]),3.321577
tensor([nan]),5.5897746
tensor([nan]),5.253608
tensor([nan]),3.4551854
tensor([nan]),1.3246123
tensor([nan]),3.2661448
tensor([nan]),2.1254778
tensor([nan]),1.5350822
tensor([nan]),2.928082
tensor([nan]),4.5267015
tensor([nan]),1.9703699
tensor([nan]),2.6959505
tensor([nan]),4.124355
tensor([nan]),2.0532875
tensor([nan]),1.6231169
tensor([nan]),1.6828988
tensor([nan]),3.569168
tensor([nan]),1.3852494
tensor([nan]),2.881503
tensor([nan]),1.7456249
tensor([nan]),1.4527671
tensor([nan]),1.5270025
tensor([nan]),1.4130156
tensor([nan]),1.5285103
tensor([nan]),3.6524186
tensor([nan]),3.1590257
tensor([nan]),3.365983
tensor([nan]),1.7344719
tensor([nan]),2.5323267
tensor([nan]),3.2346272
tensor([nan]),4.0944605
tensor([nan]),3.8976588
tensor([nan]),2.6205235
tensor([nan]),3.53257
tensor([nan]),3.7087016
tensor([nan]),3.0841074
tensor([nan]),2.4318495
tensor([nan]),4.9415936
tensor([nan]),2.9302912
tensor([nan]),1.8141651
tensor([nan]),1.6679198
tensor([nan]),4.02963
tensor([nan]),4.4955654
tensor([nan]),3.3336892
tensor([nan]),0.90514284
tensor([nan]),3.165474
tensor([nan]),1.4456639
tensor([nan]),3.2347155
tensor([nan]),2.7391
tensor([nan]),2.7642508
tensor([nan]),3.9592142
tensor([nan]),1.7779486
tensor([nan]),1.199791
tensor([nan]),3.0062065
tensor([nan]),3.5211773
tensor([nan]),2.0290632
tensor([nan]),2.3864393
tensor([nan]),2.3293753
tensor([nan]),2.7608948
tensor([nan]),0.9996134
tensor([nan]),1.2928848
tensor([nan]),2.0711155
tensor([nan]),1.4403297
tensor([nan]),1.2660335
tensor([nan]),1.5401562
tensor([nan]),3.4336176
tensor([nan]),3.237463
tensor([nan]),2.2715354
tensor([nan]),4.116631
tensor([nan]),1.6666998
tensor([nan]),1.472253
tensor([nan]),1.2850682
tensor([nan]),1.0436305
tensor([nan]),0.6241821
tensor([nan]),2.2159557
tensor([nan]),2.237358
tensor([nan]),3.124179
tensor([nan]),2.0808134
tensor([nan]),2.5160317
tensor([nan]),2.085678
tensor([nan]),4.5520663
tensor([nan]),1.8564335
tensor([nan]),3.0879116
tensor([nan]),1.9999386
tensor([nan]),1.2425673
tensor([nan]),3.4759207
tensor([nan]),2.9217153
tensor([nan]),2.8293757
tensor([nan]),2.8196692
tensor([nan]),4.0488305
tensor([nan]),3.4186163
tensor([nan]),2.529755
tensor([nan]),2.8741856
tensor([nan]),2.3837833
tensor([nan]),3.6404924
tensor([nan]),1.9216006
tensor([nan]),2.4352577
tensor([nan]),2.5928688
tensor([nan]),1.5904378
tensor([nan]),1.3861856
tensor([nan]),1.4508871
tensor([nan]),1.7031907
tensor([nan]),1.1432105
tensor([nan]),3.071496
tensor([nan]),4.2645135
tensor([nan]),3.5924215
tensor([nan]),5.1494665
tensor([nan]),2.090068
tensor([nan]),1.5375173
tensor([nan]),1.7023213
tensor([nan]),3.7452826
tensor([nan]),1.5153576
tensor([nan]),3.2138681
tensor([nan]),1.2092816
tensor([nan]),2.025374
tensor([nan]),4.0101376
tensor([nan]),3.1391034
tensor([nan]),3.8493686
tensor([nan]),1.3313639
tensor([nan]),2.449832
tensor([nan]),1.7623359
tensor([nan]),2.961381
tensor([nan]),2.431303
tensor([nan]),2.473383
tensor([nan]),0.6354265
tensor([nan]),2.9899087
tensor([nan]),3.8572245
tensor([nan]),1.556008
tensor([nan]),3.003263
tensor([nan]),2.1129594
tensor([nan]),1.4287312
tensor([nan]),2.3044477
tensor([nan]),4.106308
tensor([nan]),2.4304538
tensor([nan]),1.558243
tensor([nan]),1.3133292
tensor([nan]),4.2113323
tensor([nan]),3.498931
tensor([nan]),1.6589073
tensor([nan]),2.9873185
tensor([nan]),3.4859982
tensor([nan]),4.5288625
tensor([nan]),1.8917264
tensor([nan]),2.9644828
tensor([nan]),1.4550704
tensor([nan]),2.531396
tensor([nan]),2.4628024
tensor([nan]),1.1436986
tensor([nan]),1.5238496
tensor([nan]),1.774073
tensor([nan]),2.9607983
tensor([nan]),1.8002385
tensor([nan]),3.1905727
tensor([nan]),1.6213472
tensor([nan]),1.8167747
tensor([nan]),1.6711327
tensor([nan]),3.124055
tensor([nan]),2.5357862
tensor([nan]),3.104063
tensor([nan]),3.59441
tensor([nan]),3.356122
tensor([nan]),1.8331908
tensor([nan]),3.7674413
tensor([nan]),1.429537
tensor([nan]),1.4622315
tensor([nan]),2.2446175
tensor([nan]),2.4001603
tensor([nan]),1.4876935
tensor([nan]),3.6250224
tensor([nan]),5.562919
tensor([nan]),0.76679206
tensor([nan]),3.307663
tensor([nan]),2.8166447
tensor([nan]),1.3284572
tensor([nan]),3.2192898
tensor([nan]),3.6409206
tensor([nan]),1.0054936
tensor([nan]),1.7288958
tensor([nan]),1.2586253
tensor([nan]),4.0134983
tensor([nan]),1.5053209
tensor([nan]),1.3646088
tensor([nan]),1.8378388
tensor([nan]),2.236201
tensor([nan]),2.64956
tensor([nan]),1.6112511
tensor([nan]),1.3158795
tensor([nan]),1.3972632
tensor([nan]),2.3224733
tensor([nan]),1.2169106
tensor([nan]),1.9141384
tensor([nan]),3.000215
tensor([nan]),2.9350038
tensor([nan]),3.186895
tensor([nan]),2.5434537
tensor([nan]),4.279854
tensor([nan]),2.4809623
tensor([nan]),2.759934
tensor([nan]),2.8750982
tensor([nan]),1.2747779
tensor([nan]),4.053576
tensor([nan]),3.7637844
tensor([nan]),3.4625697
tensor([nan]),3.7761097
tensor([nan]),1.0858228
tensor([nan]),1.8725423
tensor([nan]),3.871026
tensor([nan]),2.468326
tensor([nan]),2.0298548
tensor([nan]),3.3510303
tensor([nan]),1.802174
tensor([nan]),2.8060203
tensor([nan]),3.3921862
tensor([nan]),1.0620482
tensor([nan]),0.35364205
tensor([nan]),1.5437478
tensor([nan]),3.3476071
tensor([nan]),3.4297004
tensor([nan]),1.2170837
tensor([nan]),3.1675491
tensor([nan]),1.5754831
tensor([nan]),0.3911772
tensor([nan]),3.054627
tensor([nan]),3.109591
tensor([nan]),3.3554735
tensor([nan]),3.209117
tensor([nan]),1.4468223
tensor([nan]),3.5313911
tensor([nan]),1.3789359
tensor([nan]),2.6046653
tensor([nan]),1.5977153
tensor([nan]),2.129593
tensor([nan]),1.0028707
tensor([nan]),1.6589102
tensor([nan]),1.513795
tensor([nan]),2.936164
tensor([nan]),1.187045
tensor([nan]),3.311851
tensor([nan]),2.7364192
tensor([nan]),1.7817236
tensor([nan]),1.1740654
tensor([nan]),2.1540847
tensor([nan]),0.80506027
tensor([nan]),1.2956439
tensor([nan]),2.1770298
tensor([nan]),2.7207675
tensor([nan]),1.4850274
tensor([nan]),3.2910705
tensor([nan]),0.41737118
tensor([nan]),2.5151906
tensor([nan]),4.110726
tensor([nan]),1.0919329
tensor([nan]),1.4395404
tensor([nan]),1.3654538
tensor([nan]),0.99788344
tensor([nan]),1.4773029
tensor([nan]),2.8053517
tensor([nan]),1.9624873
tensor([nan]),2.5839853
tensor([nan]),3.7685275
tensor([nan]),1.6786613
tensor([nan]),1.9982897
tensor([nan]),2.1670501
tensor([nan]),1.8425603
tensor([nan]),2.9030766
tensor([nan]),2.859686
tensor([nan]),3.7802262
tensor([nan]),1.2833812
tensor([nan]),3.4351578
tensor([nan]),1.1614722
tensor([nan]),1.4607044
tensor([nan]),1.4795718
tensor([nan]),2.8368855
tensor([nan]),1.6958092
tensor([nan]),2.778565
tensor([nan]),3.611651
tensor([nan]),0.62699187
tensor([nan]),2.2425718
tensor([nan]),3.7265778
tensor([nan]),1.4388874
tensor([nan]),3.88409
tensor([nan]),4.1344314
tensor([nan]),2.826827
tensor([nan]),1.8374816
tensor([nan]),1.5633171
tensor([nan]),3.4099221
tensor([nan]),1.7167137
tensor([nan]),1.3972058
tensor([nan]),1.99361
tensor([nan]),3.4363666
tensor([nan]),0.96860445
tensor([nan]),1.4917785
tensor([nan]),3.8998456
tensor([nan]),1.5035776
tensor([nan]),1.195996
tensor([nan]),3.143857
tensor([nan]),1.8365127
tensor([nan]),2.6931558
tensor([nan]),2.9848099
tensor([nan]),4.234518
tensor([nan]),4.7825084
tensor([nan]),2.9434118
tensor([nan]),3.385881
tensor([nan]),1.6246644
tensor([nan]),2.8747196
tensor([nan]),2.237177
tensor([nan]),3.3527737
tensor([nan]),2.4059606
tensor([nan]),2.2064543
tensor([nan]),3.2178397
tensor([nan]),1.3466678
tensor([nan]),1.7608978
tensor([nan]),1.8999859
tensor([nan]),3.0344553
tensor([nan]),1.563599
tensor([nan]),3.27782
tensor([nan]),1.2049677
tensor([nan]),1.3195801
tensor([nan]),1.8469405
tensor([nan]),2.007957
tensor([nan]),0.24547657
tensor([nan]),1.372637
tensor([nan]),2.6922598
tensor([nan]),1.4861021
tensor([nan]),2.4828115
tensor([nan]),2.0093458
tensor([nan]),3.6449156
tensor([nan]),3.0122857
tensor([nan]),2.1777532
tensor([nan]),1.6682471
tensor([nan]),1.5271822
tensor([nan]),2.7678614
tensor([nan]),2.4792376
tensor([nan]),2.448411
tensor([nan]),4.2276525
tensor([nan]),1.1920648
tensor([nan]),1.4073446
tensor([nan]),4.465838
tensor([nan]),1.305772
tensor([nan]),1.9726084
tensor([nan]),2.171688
tensor([nan]),3.9225574
tensor([nan]),1.679887
tensor([nan]),2.2122416
tensor([nan]),3.090506
tensor([nan]),1.41502
tensor([nan]),2.4160576
tensor([nan]),2.770481
tensor([nan]),2.0724938
tensor([nan]),2.796772
tensor([nan]),3.2810392
tensor([nan]),3.012323
tensor([nan]),1.3268222
tensor([nan]),2.8726745
tensor([nan]),2.3604205
tensor([nan]),2.2713768
tensor([nan]),1.3294859
tensor([nan]),1.4333026
tensor([nan]),2.1968966
tensor([nan]),3.5230675
tensor([nan]),3.2200994
tensor([nan]),3.4929938
tensor([nan]),1.4072171
tensor([nan]),1.5408025
tensor([nan]),2.1783302
tensor([nan]),3.2710872
tensor([nan]),2.9100294
tensor([nan]),1.6965011
tensor([nan]),1.4642711
tensor([nan]),1.9736679
tensor([nan]),3.0471349
tensor([nan]),2.9938245
tensor([nan]),3.3021574
tensor([nan]),1.8764584
tensor([nan]),1.4967998
tensor([nan]),1.531938
tensor([nan]),1.7030252
tensor([nan]),3.1296759
tensor([nan]),1.8733152
tensor([nan]),1.2588105
tensor([nan]),2.9236436
tensor([nan]),3.508781
tensor([nan]),3.4936662
tensor([nan]),3.02701
tensor([nan]),2.745748
tensor([nan]),1.6627117
tensor([nan]),1.1227634
tensor([nan]),3.4355159
tensor([nan]),1.8776726
tensor([nan]),0.35455477
tensor([nan]),4.6575556
tensor([nan]),2.0861344
tensor([nan]),1.6285383
tensor([nan]),2.264143
tensor([nan]),2.0284648
tensor([nan]),3.6402316
tensor([nan]),2.759789
tensor([nan]),1.6731411
tensor([nan]),1.9442282
tensor([nan]),2.5954332
tensor([nan]),2.2287807
tensor([nan]),0.6511786
tensor([nan]),3.8285527
tensor([nan]),1.6461238
tensor([nan]),1.6266898
tensor([nan]),2.1302464
tensor([nan]),1.632223
tensor([nan]),2.9941177
tensor([nan]),2.8309064
tensor([nan]),0.8391289
tensor([nan]),3.7682242
tensor([nan]),3.1238217
tensor([nan]),0.341023
tensor([nan]),0.86517054
tensor([nan]),3.3626537
tensor([nan]),2.077936
tensor([nan]),1.4702148
tensor([nan]),3.859849
tensor([nan]),0.36457118
tensor([nan]),3.6698952
tensor([nan]),2.2267427
tensor([nan]),3.180285
tensor([nan]),2.6960506
tensor([nan]),3.1119766
tensor([nan]),1.6528527
tensor([nan]),1.1955448
tensor([nan]),1.4036616
tensor([nan]),4.0008545
tensor([nan]),4.1779203
tensor([nan]),1.8270835
tensor([nan]),3.1390738
tensor([nan]),4.343932
tensor([nan]),4.284492
tensor([nan]),2.234419
tensor([nan]),3.5120988
tensor([nan]),3.938518
tensor([nan]),3.2502341
tensor([nan]),2.6546984
tensor([nan]),2.7969122
tensor([nan]),1.1756377
tensor([nan]),1.5185832
tensor([nan]),1.7114626
tensor([nan]),4.6303062
tensor([nan]),2.5702448
tensor([nan]),2.1208355
tensor([nan]),1.2684546
tensor([nan]),2.3251219
tensor([nan]),1.5439512
tensor([nan]),3.3224607
tensor([nan]),4.177709
tensor([nan]),2.7931695
tensor([nan]),2.125658
tensor([nan]),2.2921863
tensor([nan]),3.4505887
tensor([nan]),4.3100333
tensor([nan]),3.9125261
tensor([nan]),1.3212395
tensor([nan]),1.7650019
tensor([nan]),2.2664597
tensor([nan]),2.1109524
tensor([nan]),1.6943545
tensor([nan]),3.6193147
tensor([nan]),1.8442191
tensor([nan]),1.4006196
tensor([nan]),3.758906
tensor([nan]),3.7604046
tensor([nan]),1.726009
tensor([nan]),1.6175326
tensor([nan]),3.8020158
tensor([nan]),2.4761915
tensor([nan]),2.228168
tensor([nan]),1.8617357
tensor([nan]),2.6883512
tensor([nan]),4.1765685
tensor([nan]),2.610176
tensor([nan]),2.4741988
tensor([nan]),2.5159245
tensor([nan]),1.3529243
tensor([nan]),1.1241076
tensor([nan]),1.7692338
tensor([nan]),3.446494
tensor([nan]),4.8143535
tensor([nan]),2.3308015
tensor([nan]),2.1523771
tensor([nan]),2.557332
tensor([nan]),5.553704
tensor([nan]),1.5184534
tensor([nan]),1.6640658
tensor([nan]),1.3938396
tensor([nan]),2.115612
tensor([nan]),1.5722494
tensor([nan]),1.4264565
tensor([nan]),2.0888562
tensor([nan]),1.7106899
tensor([nan]),2.538445
tensor([nan]),1.9301052
tensor([nan]),3.6469135
tensor([nan]),1.41406
tensor([nan]),2.6768374
tensor([nan]),4.6753993
tensor([nan]),1.3961747
tensor([nan]),1.0370007
tensor([nan]),2.2697642
tensor([nan]),3.7537928
tensor([nan]),3.7686357
tensor([nan]),1.7505385
tensor([nan]),1.0729032
tensor([nan]),1.4116197
tensor([nan]),3.6344566
tensor([nan]),1.2972393
tensor([nan]),2.6517549
tensor([nan]),0.3641364
tensor([nan]),1.7148787
tensor([nan]),4.3728876
tensor([nan]),3.3968096
tensor([nan]),2.3841228
tensor([nan]),3.8681455
tensor([nan]),1.9274163
tensor([nan]),1.0635531
tensor([nan]),1.5064026
tensor([nan]),3.163128
tensor([nan]),3.3343124
tensor([nan]),2.488916
tensor([nan]),2.189652
tensor([nan]),3.2981281
tensor([nan]),2.7245293
tensor([nan]),2.4796805
tensor([nan]),4.5558696
tensor([nan]),1.668642
tensor([nan]),1.5555547
tensor([nan]),2.9379268
tensor([nan]),1.7911344
tensor([nan]),3.5613966
tensor([nan]),1.801907
tensor([nan]),3.3539948
tensor([nan]),3.9884686
tensor([nan]),1.3980588
tensor([nan]),3.3875632
tensor([nan]),1.1024108
tensor([nan]),1.3668451
tensor([nan]),4.8178496
tensor([nan]),1.3493371
tensor([nan]),2.8480105
tensor([nan]),2.9368567
tensor([nan]),1.7017105
tensor([nan]),1.1068792
tensor([nan]),1.5580803
tensor([nan]),1.4001706
tensor([nan]),1.493276
tensor([nan]),3.2433915
tensor([nan]),1.3006138
tensor([nan]),5.0125604
tensor([nan]),3.414783
tensor([nan]),1.568659
tensor([nan]),1.4789038
tensor([nan]),3.7254677
tensor([nan]),4.7560573
tensor([nan]),1.9291092
tensor([nan]),2.2155852
tensor([nan]),3.795948
tensor([nan]),1.6995709
tensor([nan]),1.8422406
tensor([nan]),1.9316753
tensor([nan]),1.7974904
tensor([nan]),3.0283337
tensor([nan]),1.9814864
tensor([nan]),3.835648
tensor([nan]),2.4612536
tensor([nan]),1.809737
tensor([nan]),2.8180823
tensor([nan]),3.6175036
tensor([nan]),2.276819
tensor([nan]),2.202713
tensor([nan]),2.122561
tensor([nan]),2.539662
tensor([nan]),3.8338704
tensor([nan]),1.359885
tensor([nan]),3.8629847
tensor([nan]),1.6283406
tensor([nan]),2.517323
tensor([nan]),2.009056
tensor([nan]),3.5726328
tensor([nan]),2.8307729
tensor([nan]),2.922217
tensor([nan]),2.572042
tensor([nan]),2.6498399
tensor([nan]),2.1327038
tensor([nan]),2.7910295
tensor([nan]),3.0105186
tensor([nan]),1.7310596
tensor([nan]),0.14247203
tensor([nan]),3.3091793
tensor([nan]),2.5780044
tensor([nan]),1.8794496
tensor([nan]),2.2151237
tensor([nan]),1.479375
tensor([nan]),3.9299235
tensor([nan]),2.4394097
tensor([nan]),1.4392867
tensor([nan]),3.4576483
tensor([nan]),2.151999
tensor([nan]),2.6065688
tensor([nan]),3.436421
tensor([nan]),4.1298175
tensor([nan]),3.753531
tensor([nan]),2.3053553
tensor([nan]),3.2463527
tensor([nan]),2.4857597
tensor([nan]),2.0929775
tensor([nan]),2.0291562
tensor([nan]),1.8185924
tensor([nan]),1.34659
tensor([nan]),2.0147429
tensor([nan]),2.5333142
tensor([nan]),3.1193824
tensor([nan]),2.1553295
tensor([nan]),1.4907063
tensor([nan]),1.9926379
tensor([nan]),3.488634
tensor([nan]),1.5476002
tensor([nan]),2.1688914
tensor([nan]),3.901424
tensor([nan]),3.3104215
tensor([nan]),3.3891325
tensor([nan]),1.7404135
tensor([nan]),1.308248
tensor([nan]),1.305354
tensor([nan]),3.0284758
tensor([nan]),1.5081612
tensor([nan]),1.6298466
tensor([nan]),1.3511248
tensor([nan]),1.7029731
tensor([nan]),2.1297903
tensor([nan]),1.3647181
tensor([nan]),2.3616235
tensor([nan]),1.5628662
tensor([nan]),3.8791242
tensor([nan]),2.9430618
tensor([nan]),3.4906754
tensor([nan]),4.6383686
tensor([nan]),3.033514
tensor([nan]),1.7303616
tensor([nan]),0.87451994
tensor([nan]),1.3839107
tensor([nan]),2.5568433
tensor([nan]),2.0271387
tensor([nan]),2.18368
tensor([nan]),1.4818964
tensor([nan]),2.4715242
tensor([nan]),2.3364534
tensor([nan]),1.9201478
tensor([nan]),2.6716914
tensor([nan]),3.0854654
tensor([nan]),1.5244055
tensor([nan]),0.9935924
tensor([nan]),2.7732177
tensor([nan]),1.3661768
tensor([nan]),4.9759507
tensor([nan]),2.0418687
tensor([nan]),2.2642787
tensor([nan]),2.9403548
tensor([nan]),0.6246349
tensor([nan]),1.451516
tensor([nan]),2.9809747
tensor([nan]),1.1715553
tensor([nan]),2.6219225
tensor([nan]),2.8796034
tensor([nan]),3.056435
tensor([nan]),1.3053
tensor([nan]),1.6130567
tensor([nan]),1.4605391
tensor([nan]),1.470558
tensor([nan]),1.8715066
tensor([nan]),2.7025886
tensor([nan]),2.169694
tensor([nan]),2.483532
tensor([nan]),2.9308815
tensor([nan]),2.786261
tensor([nan]),0.5381683
tensor([nan]),1.2347572
tensor([nan]),1.6785111
tensor([nan]),1.3251052
tensor([nan]),2.1731095
tensor([nan]),1.2628787
tensor([nan]),4.006012
tensor([nan]),3.5939589
tensor([nan]),1.6304847
tensor([nan]),3.4521537
tensor([nan]),1.9469767
tensor([nan]),1.6939558
tensor([nan]),4.18429
tensor([nan]),2.139112
tensor([nan]),4.9525743
tensor([nan]),2.177341
tensor([nan]),2.4780378
tensor([nan]),0.92037416
tensor([nan]),3.1485724
tensor([nan]),2.3914843
tensor([nan]),1.144626
tensor([nan]),3.1432586
tensor([nan]),3.6115208
tensor([nan]),3.9707742
tensor([nan]),3.7999673
tensor([nan]),1.44283
tensor([nan]),2.4128544
tensor([nan]),2.8844528
tensor([nan]),0.17926201
tensor([nan]),1.9957749
tensor([nan]),1.3602343
tensor([nan]),1.5902262
tensor([nan]),2.5685
tensor([nan]),2.93993
tensor([nan]),3.5491743
tensor([nan]),1.534165
tensor([nan]),4.441835
tensor([nan]),3.23487
tensor([nan]),2.3880835
tensor([nan]),3.8130603
tensor([nan]),2.302864
tensor([nan]),1.2934563
tensor([nan]),2.2142487
tensor([nan]),3.308446
tensor([nan]),1.6032494
tensor([nan]),2.8301091
tensor([nan]),2.6171422
tensor([nan]),2.930028
tensor([nan]),1.8143122
tensor([nan]),2.4582753
tensor([nan]),1.9671558
tensor([nan]),3.19233
tensor([nan]),1.7145005
tensor([nan]),1.8843912
tensor([nan]),2.1082363
tensor([nan]),2.2816093
tensor([nan]),2.0754228
tensor([nan]),3.421548
tensor([nan]),0.21252115
tensor([nan]),3.311036
tensor([nan]),1.5898874
tensor([nan]),1.4942878
tensor([nan]),1.4408326
tensor([nan]),1.460621
tensor([nan]),3.7906866
tensor([nan]),1.447064
tensor([nan]),2.3021932
tensor([nan]),2.2168245
tensor([nan]),2.0413492
tensor([nan]),2.305295
tensor([nan]),1.3883629
tensor([nan]),1.8586062
tensor([nan]),2.3164988
tensor([nan]),3.079804
tensor([nan]),1.5035675
tensor([nan]),2.2180572
tensor([nan]),1.7826184
tensor([nan]),1.6969576
tensor([nan]),4.8356833
tensor([nan]),1.0921075
tensor([nan]),3.007218
tensor([nan]),3.3470378
tensor([nan]),2.0446236
tensor([nan]),0.9978381
tensor([nan]),1.3471174
tensor([nan]),3.2654214
tensor([nan]),1.5277783
tensor([nan]),1.8530339
tensor([nan]),2.1669917
tensor([nan]),4.3013654
tensor([nan]),2.885695
tensor([nan]),2.6070995
tensor([nan]),3.3673625
tensor([nan]),1.3241379
tensor([nan]),2.6654453
tensor([nan]),2.1899786
tensor([nan]),2.656908
tensor([nan]),2.8026638
tensor([nan]),3.5301995
tensor([nan]),2.104987
tensor([nan]),2.0368257
tensor([nan]),1.7580317
tensor([nan]),2.4657226
tensor([nan]),1.5100027
tensor([nan]),1.8415004
tensor([nan]),1.5120136
tensor([nan]),1.8327223
tensor([nan]),3.2764163
tensor([nan]),1.5502777
tensor([nan]),1.5127513
tensor([nan]),4.4278603
tensor([nan]),3.046359
tensor([nan]),0.11690256
tensor([nan]),3.43547
tensor([nan]),1.5078852
tensor([nan]),2.5197043
tensor([nan]),2.9881678
tensor([nan]),1.9061676
tensor([nan]),2.9411073
tensor([nan]),1.685074
tensor([nan]),1.3239022
tensor([nan]),1.4206095
tensor([nan]),1.5334631
tensor([nan]),4.200083
tensor([nan]),2.7953715
tensor([nan]),2.0486178
tensor([nan]),1.0692117
tensor([nan]),1.6878971
tensor([nan]),4.486283
tensor([nan]),1.541345
tensor([nan]),2.9647727
tensor([nan]),3.4386973
tensor([nan]),1.7373153
tensor([nan]),1.2735348
tensor([nan]),2.1479988
tensor([nan]),3.293067
tensor([nan]),5.7611337
tensor([nan]),2.4899778
tensor([nan]),1.7060882
tensor([nan]),3.526959
tensor([nan]),2.1590075
tensor([nan]),1.6405946
tensor([nan]),1.9862417
tensor([nan]),4.063029
tensor([nan]),1.348346
tensor([nan]),1.7825291
tensor([nan]),1.6296741
tensor([nan]),3.354878
tensor([nan]),3.565178
tensor([nan]),1.4627703
tensor([nan]),1.7906109
tensor([nan]),1.6748675
tensor([nan]),2.6428313
tensor([nan]),3.4296594
tensor([nan]),1.4383279
tensor([nan]),3.3225632
tensor([nan]),1.4556937
tensor([nan]),2.01046
tensor([nan]),1.9618877
tensor([nan]),2.3338528
tensor([nan]),1.769102
tensor([nan]),4.1269016
tensor([nan]),1.4934915
tensor([nan]),0.34685978
tensor([nan]),1.622554
tensor([nan]),2.6741319
tensor([nan]),1.3822854
tensor([nan]),3.4028172
tensor([nan]),0.48444167
tensor([nan]),1.5105128
tensor([nan]),2.8222752
tensor([nan]),1.2076317
tensor([nan]),3.7490125
tensor([nan]),2.4447236
tensor([nan]),2.269957
tensor([nan]),3.180945
tensor([nan]),3.9575438
tensor([nan]),0.87463474
tensor([nan]),4.0029964
tensor([nan]),3.3349771
tensor([nan]),3.7805557
tensor([nan]),1.8051217
tensor([nan]),1.6580821
tensor([nan]),1.8506088
tensor([nan]),2.0189834
tensor([nan]),1.5197309
tensor([nan]),2.6470227
tensor([nan]),3.1250634
tensor([nan]),3.5871744
tensor([nan]),1.8645759
tensor([nan]),1.6299657
tensor([nan]),1.3838154
tensor([nan]),1.9912747
tensor([nan]),2.9211717
tensor([nan]),2.000453
tensor([nan]),1.3357269
tensor([nan]),1.5298244
tensor([nan]),1.538088
tensor([nan]),0.44001925
tensor([nan]),3.8875723
tensor([nan]),4.065263
tensor([nan]),2.7390652
tensor([nan]),2.0579238
tensor([nan]),2.1518412
tensor([nan]),1.5737801
tensor([nan]),1.684564
tensor([nan]),1.314574
tensor([nan]),0.2593352
tensor([nan]),1.7808042
tensor([nan]),2.4310694
tensor([nan]),3.8589792
tensor([nan]),2.2020626
tensor([nan]),2.7067256
tensor([nan]),1.3828993
tensor([nan]),2.1138353
tensor([nan]),1.5278729
tensor([nan]),3.7041206
tensor([nan]),2.2223055
tensor([nan]),3.5338788
tensor([nan]),5.308771
tensor([nan]),2.8649302
tensor([nan]),2.0850053
tensor([nan]),0.5238733
tensor([nan]),2.4100275
tensor([nan]),3.351678
tensor([nan]),2.230867
tensor([nan]),3.4049597
tensor([nan]),1.6002996
tensor([nan]),1.8011506
tensor([nan]),1.6974393
tensor([nan]),2.8428626
tensor([nan]),1.2322992
tensor([nan]),3.7746167
tensor([nan]),3.275754
tensor([nan]),1.6829056
tensor([nan]),3.6647162
tensor([nan]),1.7336076
tensor([nan]),1.7670379
tensor([nan]),1.5045809
tensor([nan]),3.2314572
tensor([nan]),3.0821342
tensor([nan]),1.371084
tensor([nan]),3.651855
tensor([nan]),2.640212
tensor([nan]),1.8176861
tensor([nan]),2.533193
tensor([nan]),2.923729
tensor([nan]),1.2457998
tensor([nan]),2.7927465
tensor([nan]),1.5591012
tensor([nan]),1.7591914
tensor([nan]),1.6468637
tensor([nan]),2.8214235
tensor([nan]),1.3757279
tensor([nan]),1.5906571
tensor([nan]),3.7495198
tensor([nan]),2.8984704
tensor([nan]),2.733458
tensor([nan]),2.2248793
tensor([nan]),2.7077403
tensor([nan]),3.033506
tensor([nan]),2.3326988
tensor([nan]),3.473147
tensor([nan]),1.6932582
tensor([nan]),1.7362735
tensor([nan]),2.194158
tensor([nan]),2.2717662
tensor([nan]),2.3768172
tensor([nan]),5.060758
tensor([nan]),4.2702146
tensor([nan]),0.71052784
tensor([nan]),1.9627761
tensor([nan]),3.8520045
tensor([nan]),1.6838325
tensor([nan]),3.380962
tensor([nan]),0.7739887
tensor([nan]),2.2357206
tensor([nan]),1.888502
tensor([nan]),3.1157398
tensor([nan]),1.5438555
tensor([nan]),4.085951
tensor([nan]),0.11230874
tensor([nan]),1.3473552
tensor([nan]),1.800612
tensor([nan]),2.00207
tensor([nan]),4.5623927
tensor([nan]),2.6566877
tensor([nan]),2.1095128
tensor([nan]),3.906866
tensor([nan]),3.541325
tensor([nan]),4.1270056
tensor([nan]),1.7638686
tensor([nan]),3.4502602
tensor([nan]),2.535678
tensor([nan]),1.5444684
tensor([nan]),1.2290888
tensor([nan]),0.28882533
tensor([nan]),2.8632088
tensor([nan]),2.857541
tensor([nan]),1.533728
tensor([nan]),3.3416338
tensor([nan]),2.5048246
tensor([nan]),1.096514
tensor([nan]),3.5328398
tensor([nan]),1.5499091
tensor([nan]),5.3342824
tensor([nan]),1.154779
tensor([nan]),3.3714733
tensor([nan]),2.5714269
tensor([nan]),4.3339386
tensor([nan]),1.1184657
tensor([nan]),1.8288305
tensor([nan]),1.5239977
tensor([nan]),1.6399633
tensor([nan]),2.7790952
tensor([nan]),4.569921
tensor([nan]),1.9061877
tensor([nan]),0.6186784
tensor([nan]),2.4348383
tensor([nan]),2.448193
tensor([nan]),2.3444667
tensor([nan]),1.4877716
tensor([nan]),1.7523646
tensor([nan]),2.4424193
tensor([nan]),3.09201
tensor([nan]),3.2125344
tensor([nan]),1.7237521
tensor([nan]),4.0733933
tensor([nan]),4.476304
tensor([nan]),1.5937148
tensor([nan]),0.26919138
tensor([nan]),3.0160813
tensor([nan]),1.2846289
tensor([nan]),1.8520707
tensor([nan]),1.7398787
tensor([nan]),2.975852
tensor([nan]),2.0404816
tensor([nan]),2.7194862
tensor([nan]),1.5326713
tensor([nan]),3.604322
tensor([nan]),3.3611984
tensor([nan]),3.9260702
tensor([nan]),2.2502236
tensor([nan]),1.5875527
tensor([nan]),1.928485
tensor([nan]),2.8517213
tensor([nan]),0.25390488
tensor([nan]),4.091129
tensor([nan]),2.6504068
tensor([nan]),4.3291183
tensor([nan]),2.1153822
tensor([nan]),0.22370437
tensor([nan]),1.8498536
tensor([nan]),1.3119459
tensor([nan]),4.421425
tensor([nan]),4.391313
tensor([nan]),0.97053796
tensor([nan]),2.0264683
tensor([nan]),0.2995416
tensor([nan]),1.3876588
tensor([nan]),3.7187233
tensor([nan]),2.9562445
tensor([nan]),1.5144898
tensor([nan]),3.0207472
tensor([nan]),2.5441756
tensor([nan]),1.2707614
tensor([nan]),1.464835
tensor([nan]),3.2203488
tensor([nan]),4.15562
tensor([nan]),1.4339174
tensor([nan]),4.04628
tensor([nan]),3.1370158
tensor([nan]),3.1187377
tensor([nan]),3.330452
tensor([nan]),0.5903995
tensor([nan]),2.8752208
tensor([nan]),1.3440561
tensor([nan]),3.0894704
tensor([nan]),3.2101622
tensor([nan]),3.88166
tensor([nan]),1.203818
tensor([nan]),5.0992
tensor([nan]),1.5105792
tensor([nan]),1.969854
tensor([nan]),1.0107819
tensor([nan]),2.7565184
tensor([nan]),0.3869791
tensor([nan]),3.4000044
tensor([nan]),2.262442
tensor([nan]),2.0898528
tensor([nan]),1.3561194
tensor([nan]),3.0758572
tensor([nan]),2.2798967
tensor([nan]),1.6329256
tensor([nan]),2.5469751
tensor([nan]),2.5026455
tensor([nan]),1.303588
tensor([nan]),3.2780924
tensor([nan]),4.262681
tensor([nan]),3.5905857
tensor([nan]),1.5405712
tensor([nan]),1.2722884
tensor([nan]),3.2236857
tensor([nan]),2.0994234
tensor([nan]),3.7632327
tensor([nan]),3.275527
tensor([nan]),3.0317883
tensor([nan]),1.8608987
tensor([nan]),1.482658
tensor([nan]),2.2500434
tensor([nan]),1.753121
tensor([nan]),2.584571
tensor([nan]),2.8264065
tensor([nan]),1.667987
tensor([nan]),1.4098005
tensor([nan]),1.9108459
tensor([nan]),2.7684875
tensor([nan]),0.84323496
tensor([nan]),0.6996266
tensor([nan]),1.3897097
tensor([nan]),1.6995883
tensor([nan]),3.4095216
tensor([nan]),1.5543216
tensor([nan]),2.454895
tensor([nan]),2.8896766
tensor([nan]),3.9467044
tensor([nan]),1.5961783
tensor([nan]),2.3993044
tensor([nan]),3.8010488
tensor([nan]),2.5894341
tensor([nan]),3.1886415
tensor([nan]),1.5148867
tensor([nan]),2.7347693
tensor([nan]),2.2198465
tensor([nan]),1.6351694
tensor([nan]),1.0822506
tensor([nan]),1.7082306
tensor([nan]),2.9078865
tensor([nan]),2.2113347
tensor([nan]),3.0243287
tensor([nan]),2.7970395
tensor([nan]),3.5926514
tensor([nan]),1.0129486
tensor([nan]),3.7355118
tensor([nan]),3.221147
tensor([nan]),0.5373479
tensor([nan]),2.1895506
tensor([nan]),1.7366383
tensor([nan]),2.6334286
tensor([nan]),1.6606388
tensor([nan]),4.766803
tensor([nan]),1.540353
tensor([nan]),1.6186389
tensor([nan]),1.6733044
tensor([nan]),4.251529
tensor([nan]),3.7570348
tensor([nan]),1.7591687
tensor([nan]),2.4620776
tensor([nan]),2.0520608
tensor([nan]),3.8321252
tensor([nan]),1.2831829
tensor([nan]),0.5718809
tensor([nan]),4.1722507
tensor([nan]),2.5445852
tensor([nan]),3.3492146
tensor([nan]),3.7452116
tensor([nan]),2.3251991
tensor([nan]),1.2299737
tensor([nan]),4.3293085
tensor([nan]),1.7546672
tensor([nan]),1.5562701
tensor([nan]),3.8532515
tensor([nan]),1.3769627
tensor([nan]),4.00463
tensor([nan]),2.4511023
tensor([nan]),1.2313645
tensor([nan]),1.8162049
tensor([nan]),2.3812523
tensor([nan]),1.4020863
tensor([nan]),2.6682496
tensor([nan]),1.9104862
tensor([nan]),1.9197712
tensor([nan]),0.76802015
tensor([nan]),1.2796693
tensor([nan]),2.3249576
tensor([nan]),3.0750713
tensor([nan]),2.9276009
tensor([nan]),3.2466054
tensor([nan]),2.1259546
tensor([nan]),1.3281178
tensor([nan]),4.5904226
tensor([nan]),2.101653
tensor([nan]),2.5999227
tensor([nan]),2.9090524
tensor([nan]),1.1880664
tensor([nan]),2.114699
tensor([nan]),1.7252775
tensor([nan]),4.548139
tensor([nan]),3.4083076
tensor([nan]),1.0142925
tensor([nan]),1.5830979
tensor([nan]),2.8233972
tensor([nan]),3.619072
tensor([nan]),0.066327065
tensor([nan]),2.6650138
tensor([nan]),1.8428601
tensor([nan]),1.4712942
tensor([nan]),1.3790448
tensor([nan]),3.557917
tensor([nan]),2.3634968
tensor([nan]),2.4575143
tensor([nan]),3.6500845
tensor([nan]),1.6244829
tensor([nan]),1.3790386
tensor([nan]),2.9528632
tensor([nan]),2.3203826
tensor([nan]),2.3808682
tensor([nan]),2.1146939
tensor([nan]),3.004558
tensor([nan]),2.7253509
tensor([nan]),2.0123572
tensor([nan]),1.431063
tensor([nan]),3.4258337
tensor([nan]),2.556919
tensor([nan]),2.5734234
tensor([nan]),1.5538963
tensor([nan]),3.1245255
tensor([nan]),1.4819137
tensor([nan]),2.3598108
tensor([nan]),3.909603
tensor([nan]),3.9109588
tensor([nan]),2.7850223
tensor([nan]),3.5678034
tensor([nan]),3.0564685
tensor([nan]),1.2054471
tensor([nan]),2.780387
tensor([nan]),3.7284632
tensor([nan]),2.7289948
tensor([nan]),4.455295
tensor([nan]),1.5901415
tensor([nan]),1.6141298
tensor([nan]),2.7677488
tensor([nan]),3.553368
tensor([nan]),1.011112
tensor([nan]),2.337192
tensor([nan]),2.5283704
tensor([nan]),3.66183
tensor([nan]),3.6057205
tensor([nan]),1.3390106
tensor([nan]),3.563892
tensor([nan]),3.1860094
tensor([nan]),3.5905595
tensor([nan]),2.4708862
tensor([nan]),1.705712
tensor([nan]),4.259232
tensor([nan]),2.220884
tensor([nan]),2.2814064
tensor([nan]),1.6961696
tensor([nan]),1.3698047
tensor([nan]),3.5304413
tensor([nan]),1.0326767
tensor([nan]),1.7419335
tensor([nan]),2.0147767
tensor([nan]),1.4842259
tensor([nan]),0.08307299
tensor([nan]),2.5806246
tensor([nan]),0.43408674
tensor([nan]),0.7674063
tensor([nan]),1.1598189
tensor([nan]),1.5250126
tensor([nan]),3.5050135
tensor([nan]),2.5661283
tensor([nan]),1.6759017
tensor([nan]),2.0811763
tensor([nan]),3.5854297
tensor([nan]),1.9583691
tensor([nan]),2.1329618
tensor([nan]),1.667446
tensor([nan]),3.3304243
tensor([nan]),2.9254017
tensor([nan]),3.899498
tensor([nan]),2.3373115
tensor([nan]),0.59839785
tensor([nan]),3.0562124
tensor([nan]),1.4261152
tensor([nan]),2.2892644
tensor([nan]),3.6496491
tensor([nan]),4.2363176
tensor([nan]),3.0669265
tensor([nan]),0.5212027
tensor([nan]),0.9507942
tensor([nan]),2.9752784
tensor([nan]),2.3734012
tensor([nan]),2.5270343
tensor([nan]),1.4197366
tensor([nan]),3.0912414
tensor([nan]),1.8091769
tensor([nan]),1.6012245
tensor([nan]),2.1790543
tensor([nan]),2.2454782
tensor([nan]),3.992951
tensor([nan]),3.1670341
tensor([nan]),4.564841
tensor([nan]),3.3771367
tensor([nan]),2.1081681
tensor([nan]),4.058417
tensor([nan]),2.3025184
tensor([nan]),2.8691845
tensor([nan]),2.3432481
tensor([nan]),4.120793
tensor([nan]),2.5751972
tensor([nan]),4.945824
tensor([nan]),5.0223584
tensor([nan]),4.5363793
tensor([nan]),2.4405496
tensor([nan]),2.505279
tensor([nan]),1.6320482
tensor([nan]),2.8018422
tensor([nan]),1.2444532
tensor([nan]),1.3806208
tensor([nan]),1.8330137
tensor([nan]),0.5041419
tensor([nan]),1.6575619
tensor([nan]),4.1903787
tensor([nan]),1.2839118
tensor([nan]),1.084497
tensor([nan]),3.610857
tensor([nan]),3.1627135
tensor([nan]),1.4935616
tensor([nan]),1.4596397
tensor([nan]),2.657639
tensor([nan]),2.8824406
tensor([nan]),4.0196
tensor([nan]),2.0814972
tensor([nan]),3.6256914
tensor([nan]),1.7982559
tensor([nan]),1.4453007
tensor([nan]),2.5953913
tensor([nan]),1.76834
tensor([nan]),2.5364122
tensor([nan]),1.7257773
tensor([nan]),2.3998113
tensor([nan]),0.2359468
tensor([nan]),4.0322447
tensor([nan]),1.41245
tensor([nan]),1.688338
tensor([nan]),3.484284
tensor([nan]),2.977993
tensor([nan]),1.5989747
tensor([nan]),1.3704444
tensor([nan]),2.5904703
tensor([nan]),3.6937037
tensor([nan]),1.6133963
tensor([nan]),3.463696
tensor([nan]),3.3861856
tensor([nan]),4.743661
tensor([nan]),1.9815707
tensor([nan]),0.1744928
tensor([nan]),3.3093147
tensor([nan]),1.313495
tensor([nan]),1.3808199
tensor([nan]),3.9459934
tensor([nan]),1.2180455
tensor([nan]),0.50892127
tensor([nan]),1.3699852
tensor([nan]),1.5391775
tensor([nan]),1.8390373
tensor([nan]),3.5806417
tensor([nan]),2.7792964
tensor([nan]),1.2460427
tensor([nan]),1.9535085
tensor([nan]),1.2231598
tensor([nan]),1.519543
tensor([nan]),1.9813937
tensor([nan]),1.8755618
tensor([nan]),0.81201166
tensor([nan]),3.0926528
tensor([nan]),3.3747435
tensor([nan]),1.7621192
tensor([nan]),2.2600427
tensor([nan]),1.4836458
tensor([nan]),5.133749
tensor([nan]),0.11858544
tensor([nan]),3.6166582
tensor([nan]),4.5822587
tensor([nan]),2.2862453
tensor([nan]),3.1204758
tensor([nan]),3.7715526
tensor([nan]),2.52597
tensor([nan]),0.4368891
tensor([nan]),3.0415678
tensor([nan]),3.445507
tensor([nan]),2.6552868
tensor([nan]),1.4705447
tensor([nan]),3.5001378
tensor([nan]),2.4981332
tensor([nan]),2.7461452
tensor([nan]),4.5119514
tensor([nan]),2.3748531
tensor([nan]),2.60048
tensor([nan]),2.9957118
tensor([nan]),1.4476452
tensor([nan]),2.9096751
tensor([nan]),1.9793148
tensor([nan]),1.4500204
tensor([nan]),3.9039154
tensor([nan]),2.16329
tensor([nan]),1.606916
tensor([nan]),1.783223
tensor([nan]),1.5948719
tensor([nan]),1.4666916
tensor([nan]),2.4020185
tensor([nan]),1.5736902
tensor([nan]),2.2685437
tensor([nan]),3.458078
tensor([nan]),4.085591
tensor([nan]),3.560011
tensor([nan]),1.5165809
tensor([nan]),1.0288591
tensor([nan]),2.0456944
tensor([nan]),1.4228948
tensor([nan]),1.2497238
tensor([nan]),2.6505957
tensor([nan]),3.9326138
tensor([nan]),3.7672648
tensor([nan]),1.651584
tensor([nan]),3.6559625
tensor([nan]),1.3589573
tensor([nan]),1.9519887
tensor([nan]),1.4778811
tensor([nan]),4.1056433
tensor([nan]),2.8708234
tensor([nan]),2.941741
tensor([nan]),1.7516993
tensor([nan]),3.540988
tensor([nan]),1.7225635
tensor([nan]),2.328596
tensor([nan]),2.4226098
tensor([nan]),1.5629689
tensor([nan]),4.015294
tensor([nan]),3.5403824
tensor([nan]),0.36025503
tensor([nan]),2.0147438
tensor([nan]),2.7873259
tensor([nan]),1.3640293
tensor([nan]),3.9376087
tensor([nan]),1.8786436
tensor([nan]),1.732803
tensor([nan]),1.616901
tensor([nan]),4.5300803
tensor([nan]),1.8304918
tensor([nan]),5.0163045
tensor([nan]),2.096192
tensor([nan]),3.7831697
tensor([nan]),2.6326556
tensor([nan]),1.2676071
tensor([nan]),1.2353661
tensor([nan]),3.995391
tensor([nan]),1.7443608
tensor([nan]),3.0499654
tensor([nan]),2.0072894
tensor([nan]),2.4771743
tensor([nan]),1.6151333
tensor([nan]),2.0689611
tensor([nan]),3.9137177
tensor([nan]),1.8034008
tensor([nan]),1.9109288
tensor([nan]),1.3916471
tensor([nan]),3.991839
tensor([nan]),3.6733007
tensor([nan]),3.5221038
tensor([nan]),2.092177
tensor([nan]),2.2414894
tensor([nan]),2.2416096
tensor([nan]),3.798357
tensor([nan]),0.48991865
tensor([nan]),3.9707913
tensor([nan]),1.6173304
tensor([nan]),1.125581
tensor([nan]),1.5585685
tensor([nan]),1.9693044
tensor([nan]),2.9334254
tensor([nan]),1.5541655
tensor([nan]),1.6292443
tensor([nan]),2.287865
tensor([nan]),2.112177
tensor([nan]),1.9210092
tensor([nan]),1.9400333
tensor([nan]),3.157001
tensor([nan]),0.1969127
tensor([nan]),2.2496996
tensor([nan]),1.5273808
tensor([nan]),1.0606741
tensor([nan]),2.4443378
tensor([nan]),4.2048903
tensor([nan]),1.286056
tensor([nan]),1.2305868
tensor([nan]),2.0104637
tensor([nan]),1.8309639
tensor([nan]),1.9860502
tensor([nan]),1.5386175
tensor([nan]),1.6932076
tensor([nan]),4.667656
tensor([nan]),1.995004
tensor([nan]),1.5745695
tensor([nan]),1.1756681
tensor([nan]),1.9356185
tensor([nan]),3.6088448
tensor([nan]),2.2880974
tensor([nan]),1.6102003
tensor([nan]),1.6254219
tensor([nan]),2.0957735
tensor([nan]),3.533721
tensor([nan]),1.7188874
tensor([nan]),4.0448313
tensor([nan]),4.0595098
tensor([nan]),2.0283444
tensor([nan]),3.7000256
tensor([nan]),1.9683812
tensor([nan]),1.8610191
tensor([nan]),4.945223
tensor([nan]),2.2072072
tensor([nan]),5.4786506
tensor([nan]),3.6707864
tensor([nan]),1.5017275
tensor([nan]),1.8704488
tensor([nan]),1.6374966
tensor([nan]),1.9804956
tensor([nan]),4.315507
tensor([nan]),2.4342377
tensor([nan]),1.4252857
tensor([nan]),2.626089
tensor([nan]),1.3537188
tensor([nan]),1.4151225
tensor([nan]),1.6736983
tensor([nan]),2.9650164
tensor([nan]),2.8210154
tensor([nan]),1.369117
tensor([nan]),1.6641057
tensor([nan]),1.7523546
tensor([nan]),0.37064165
tensor([nan]),3.7781644
tensor([nan]),1.6923525
tensor([nan]),4.110181
tensor([nan]),1.85125
tensor([nan]),1.9106305
tensor([nan]),2.6634502
tensor([nan]),1.3031797
tensor([nan]),2.7234244
tensor([nan]),3.2284122
tensor([nan]),2.8149395
tensor([nan]),2.7863803
tensor([nan]),4.2338815
tensor([nan]),2.5006428
tensor([nan]),1.6383754
tensor([nan]),3.8480535
tensor([nan]),2.3153863
tensor([nan]),2.8820791
tensor([nan]),1.914296
tensor([nan]),2.9087534
tensor([nan]),2.0335774
tensor([nan]),2.9328651
tensor([nan]),3.5958548
tensor([nan]),2.8154955
tensor([nan]),3.3214345
tensor([nan]),1.9301915
tensor([nan]),3.3341331
tensor([nan]),2.802977
tensor([nan]),3.9189024
tensor([nan]),1.203222
tensor([nan]),1.59733
tensor([nan]),3.0466266
tensor([nan]),3.7150536
tensor([nan]),2.6903968
tensor([nan]),1.283858
tensor([nan]),3.495757
tensor([nan]),2.5018644
tensor([nan]),1.6201919
tensor([nan]),1.6437186
tensor([nan]),1.886743
tensor([nan]),1.6142126
tensor([nan]),1.6564473
tensor([nan]),1.5346706
tensor([nan]),3.469759
tensor([nan]),3.7571115
tensor([nan]),1.7186046
tensor([nan]),2.3047733
tensor([nan]),1.9210016
tensor([nan]),4.29773
tensor([nan]),3.8378577
tensor([nan]),3.945088
tensor([nan]),4.531242
tensor([nan]),1.3556249
tensor([nan]),2.4030929
tensor([nan]),2.544125
tensor([nan]),2.482288
tensor([nan]),1.7297643
tensor([nan]),4.5053196
tensor([nan]),4.142245
tensor([nan]),4.334055
tensor([nan]),1.6089787
tensor([nan]),3.5986023
tensor([nan]),1.5258352
tensor([nan]),3.304132
tensor([nan]),3.9916015
tensor([nan]),4.0143757
tensor([nan]),1.6156039
tensor([nan]),3.4053836
tensor([nan]),3.4016743
tensor([nan]),4.4781475
tensor([nan]),1.3824421
tensor([nan]),2.3179455
tensor([nan]),0.71767056
tensor([nan]),2.580524
tensor([nan]),2.4919567
tensor([nan]),2.4453316
tensor([nan]),2.8211746
tensor([nan]),1.8543137
tensor([nan]),1.6602291
tensor([nan]),2.6894035
tensor([nan]),3.9830837
tensor([nan]),1.5515646
tensor([nan]),1.7270265
tensor([nan]),4.089693
tensor([nan]),1.5878075
tensor([nan]),2.7537074
tensor([nan]),4.5053954
tensor([nan]),3.6162243
tensor([nan]),2.98321
tensor([nan]),3.6997929
tensor([nan]),1.6279637
tensor([nan]),1.7404536
tensor([nan]),3.005845
tensor([nan]),2.1939285
tensor([nan]),2.7926078
tensor([nan]),3.1360383
tensor([nan]),1.5887085
tensor([nan]),3.421195
tensor([nan]),2.786131
tensor([nan]),3.5319362
tensor([nan]),5.1374927
tensor([nan]),2.9528694
tensor([nan]),2.7000065
tensor([nan]),2.3091102
tensor([nan]),2.590746
tensor([nan]),2.5892677
tensor([nan]),3.784244
tensor([nan]),3.554913
tensor([nan]),1.364795
tensor([nan]),1.2952851
tensor([nan]),1.4981365
tensor([nan]),1.4643413
tensor([nan]),1.2561891
tensor([nan]),4.5213614
tensor([nan]),1.3143547
tensor([nan]),1.903607
tensor([nan]),2.85739
tensor([nan]),2.0132046
tensor([nan]),2.0406265
tensor([nan]),4.901054
tensor([nan]),1.4293362
tensor([nan]),2.2618191
tensor([nan]),1.6086067
tensor([nan]),3.0373068
tensor([nan]),2.7399287
tensor([nan]),3.7121215
tensor([nan]),4.099362
tensor([nan]),1.8653492
tensor([nan]),3.5575886
tensor([nan]),3.31187
tensor([nan]),2.6993847
tensor([nan]),1.8463627
tensor([nan]),3.638392
tensor([nan]),3.7471285
tensor([nan]),3.6194205
tensor([nan]),3.270296
tensor([nan]),0.3661918
tensor([nan]),1.6493591
tensor([nan]),1.9600613
tensor([nan]),1.4935918
tensor([nan]),2.3248243
tensor([nan]),3.5109434
tensor([nan]),1.4578855
tensor([nan]),3.5418892
tensor([nan]),4.020169
tensor([nan]),1.6227692
tensor([nan]),2.638547
tensor([nan]),2.945043
tensor([nan]),4.250069
tensor([nan]),3.7842755
tensor([nan]),2.30118
tensor([nan]),3.0932417
tensor([nan]),3.1907282
tensor([nan]),2.7971544
tensor([nan]),1.2933452
tensor([nan]),2.3232102
tensor([nan]),2.1822243
tensor([nan]),1.4214998
tensor([nan]),1.6177595
tensor([nan]),2.7477837
tensor([nan]),1.5292963
tensor([nan]),3.0518155
tensor([nan]),0.8470205
tensor([nan]),1.7817827
tensor([nan]),5.4091125
tensor([nan]),3.039288
tensor([nan]),1.9904623
tensor([nan]),2.6512961
tensor([nan]),3.1215649
tensor([nan]),3.3235846
tensor([nan]),1.4868529
tensor([nan]),2.699336
tensor([nan]),2.7338414
tensor([nan]),1.4077213
tensor([nan]),3.246605
tensor([nan]),2.5688663
tensor([nan]),4.306572
tensor([nan]),2.4205704
tensor([nan]),2.9724913
tensor([nan]),2.570777
tensor([nan]),1.9329284
tensor([nan]),2.12645
tensor([nan]),1.6522795
tensor([nan]),1.9495698
tensor([nan]),3.8374972
tensor([nan]),2.6200275
tensor([nan]),3.1419644
tensor([nan]),3.356092
tensor([nan]),1.8473061
tensor([nan]),2.0671973
tensor([nan]),2.1332746
tensor([nan]),2.0435562
tensor([nan]),1.2499462
tensor([nan]),1.3496263
tensor([nan]),1.2211392
tensor([nan]),2.6717014
tensor([nan]),1.8389653
tensor([nan]),2.1492653
tensor([nan]),2.9055429
tensor([nan]),2.2009661
tensor([nan]),3.3432312
tensor([nan]),1.4033172
tensor([nan]),1.7958163
tensor([nan]),1.7575783
tensor([nan]),3.223545
tensor([nan]),1.4898335
tensor([nan]),3.7004204
tensor([nan]),2.6493511
tensor([nan]),1.9578255
tensor([nan]),3.34341
tensor([nan]),1.4450845
tensor([nan]),1.7422549
tensor([nan]),1.7921866
tensor([nan]),0.36430168
tensor([nan]),4.0809293
tensor([nan]),2.8054686
tensor([nan]),1.0019403
tensor([nan]),1.5043815
tensor([nan]),1.5490036
tensor([nan]),4.1428013
tensor([nan]),2.9310737
tensor([nan]),1.4615228
tensor([nan]),3.197876
tensor([nan]),3.320632
tensor([nan]),4.538416
tensor([nan]),3.3009481
tensor([nan]),2.409869
tensor([nan]),2.6905599
tensor([nan]),4.5088563
tensor([nan]),1.5791353
tensor([nan]),4.298067
tensor([nan]),1.7480615
tensor([nan]),4.8417606
tensor([nan]),2.428747
tensor([nan]),1.6093506
tensor([nan]),4.3485384
tensor([nan]),2.336959
tensor([nan]),1.2352021
tensor([nan]),4.2933946
tensor([nan]),1.8348595
tensor([nan]),2.568828
tensor([nan]),4.0109596
tensor([nan]),3.5652828
tensor([nan]),4.1044455
tensor([nan]),3.6594348
tensor([nan]),2.3521013
tensor([nan]),1.4622382
tensor([nan]),0.6032443
tensor([nan]),1.7498286
tensor([nan]),2.9759808
tensor([nan]),3.2356043
tensor([nan]),2.9208283
tensor([nan]),1.7927675
tensor([nan]),1.931599
tensor([nan]),3.405861
tensor([nan]),2.7777023
tensor([nan]),2.8365502
tensor([nan]),1.9873685
tensor([nan]),2.4033694
tensor([nan]),1.4020923
tensor([nan]),1.734989
tensor([nan]),0.39452118
tensor([nan]),2.520051
tensor([nan]),2.8765259
tensor([nan]),1.3951423
tensor([nan]),2.932228
tensor([nan]),2.8023214
tensor([nan]),2.8372183
tensor([nan]),1.7388232
tensor([nan]),3.3248315
tensor([nan]),1.5908312
tensor([nan]),2.1034412
tensor([nan]),4.124035
tensor([nan]),3.7278414
tensor([nan]),2.3618004
tensor([nan]),3.017645
tensor([nan]),1.2662356
tensor([nan]),1.487372
tensor([nan]),3.3654695
tensor([nan]),3.6424751
tensor([nan]),2.6994057
tensor([nan]),3.4093637
tensor([nan]),1.5989084
tensor([nan]),3.4826965
tensor([nan]),1.3326647
tensor([nan]),4.3421535
tensor([nan]),3.105772
tensor([nan]),2.2700043
tensor([nan]),2.4053683
tensor([nan]),2.0753849
tensor([nan]),3.0833282
tensor([nan]),2.644812
tensor([nan]),1.2036438
tensor([nan]),3.671218
tensor([nan]),1.0638013
tensor([nan]),1.7767653
tensor([nan]),2.6427522
tensor([nan]),1.4433492
tensor([nan]),1.5997828
tensor([nan]),1.8095781
tensor([nan]),1.5589105
tensor([nan]),2.5561838
tensor([nan]),2.6931152
tensor([nan]),0.76042247
tensor([nan]),2.2564764
tensor([nan]),3.2543468
tensor([nan]),3.7601433
tensor([nan]),3.2699819
tensor([nan]),1.7296933
tensor([nan]),2.8037386
tensor([nan]),2.1465774
tensor([nan]),1.540846
tensor([nan]),1.7933966
tensor([nan]),2.3660457
tensor([nan]),2.6751842
tensor([nan]),2.6540189
tensor([nan]),2.5439296
tensor([nan]),2.6221304
tensor([nan]),2.59441
tensor([nan]),2.4910126
tensor([nan]),2.2455711
tensor([nan]),1.4689285
tensor([nan]),4.237116
tensor([nan]),3.2470064
tensor([nan]),0.8577623
tensor([nan]),3.6536527
tensor([nan]),3.1120787
tensor([nan]),2.4028025
tensor([nan]),1.5004307
tensor([nan]),2.0342026
tensor([nan]),3.321309
tensor([nan]),2.7969122
tensor([nan]),3.7538958
tensor([nan]),3.0628176
tensor([nan]),2.4498453
tensor([nan]),2.0172262
tensor([nan]),2.3121724
tensor([nan]),3.499083
tensor([nan]),1.1489927
tensor([nan]),1.7693719
tensor([nan]),1.9167777
tensor([nan]),2.597251
tensor([nan]),1.7503165
tensor([nan]),2.9864583
tensor([nan]),1.3134224
tensor([nan]),2.3889928
tensor([nan]),3.3719978
tensor([nan]),1.9200803
tensor([nan]),3.9131975
tensor([nan]),2.325152
tensor([nan]),2.6332874
tensor([nan]),2.552959
tensor([nan]),1.7899452
tensor([nan]),2.8760552
tensor([nan]),1.4481794
tensor([nan]),1.5801817
tensor([nan]),1.8856233
tensor([nan]),2.464014
tensor([nan]),3.3694134
tensor([nan]),1.4099063
tensor([nan]),0.9097012
tensor([nan]),4.184283
tensor([nan]),2.38529
tensor([nan]),2.4367952
tensor([nan]),2.6317139
tensor([nan]),1.4353638
tensor([nan]),2.7444043
tensor([nan]),3.4018116
tensor([nan]),3.0181293
tensor([nan]),1.4717727
tensor([nan]),1.6526939
tensor([nan]),1.5002254
tensor([nan]),1.8493335
tensor([nan]),1.7861022
tensor([nan]),3.2756333
tensor([nan]),1.0987945
tensor([nan]),3.8783193
tensor([nan]),1.6972833
tensor([nan]),2.0176291
tensor([nan]),2.558834
tensor([nan]),2.0494623
tensor([nan]),2.9576921
tensor([nan]),1.4703931
tensor([nan]),2.4913416
tensor([nan]),0.14906275
tensor([nan]),4.039315
tensor([nan]),2.860042
tensor([nan]),1.787328
tensor([nan]),2.6485672
tensor([nan]),2.7395172
tensor([nan]),3.5095887
tensor([nan]),4.2042527
tensor([nan]),1.747764
tensor([nan]),2.3354192
tensor([nan]),1.5400864
tensor([nan]),2.3292413
tensor([nan]),3.1851764
tensor([nan]),3.2682743
tensor([nan]),3.1621628
tensor([nan]),3.3134441
tensor([nan]),0.5737524
tensor([nan]),3.2079
tensor([nan]),2.9636526
tensor([nan]),3.232873
tensor([nan]),3.2921677
tensor([nan]),3.548347
tensor([nan]),2.8880553
tensor([nan]),3.1909003
tensor([nan]),3.622333
tensor([nan]),1.6263667
tensor([nan]),3.342729
tensor([nan]),1.3736812
tensor([nan]),4.757911
tensor([nan]),1.9551489
tensor([nan]),3.7725925
tensor([nan]),2.2311373
tensor([nan]),1.9153993
tensor([nan]),1.4858793
tensor([nan]),3.2873979
tensor([nan]),2.38938
tensor([nan]),1.2082787
tensor([nan]),2.9236517
tensor([nan]),1.7789246
tensor([nan]),2.9419408
tensor([nan]),2.4147372
tensor([nan]),3.6338835
tensor([nan]),2.5726004
tensor([nan]),1.787469
tensor([nan]),3.25043
tensor([nan]),2.6139207
tensor([nan]),3.8732018
tensor([nan]),1.3411242
tensor([nan]),2.0546842
tensor([nan]),3.223288
tensor([nan]),3.9294071
tensor([nan]),3.5157123
tensor([nan]),3.6317744
tensor([nan]),1.532744
tensor([nan]),4.1456246
tensor([nan]),2.7733102
tensor([nan]),1.7282276
tensor([nan]),1.2837341
tensor([nan]),1.615287
tensor([nan]),4.157675
tensor([nan]),3.7965317
tensor([nan]),1.783944
tensor([nan]),1.7753514
tensor([nan]),2.5418591
tensor([nan]),3.6083522
tensor([nan]),2.5713496
tensor([nan]),1.4620216
tensor([nan]),3.444426
tensor([nan]),2.6640835
tensor([nan]),1.8282043
tensor([nan]),4.4572053
tensor([nan]),3.3727665
tensor([nan]),2.0237184
tensor([nan]),2.8351011
tensor([nan]),3.0356984
tensor([nan]),1.659381
tensor([nan]),1.5307227
tensor([nan]),1.6257592
tensor([nan]),3.003592
tensor([nan]),1.5434884
tensor([nan]),3.370357
tensor([nan]),2.855608
tensor([nan]),2.635644
tensor([nan]),1.8859793
tensor([nan]),2.5272655
tensor([nan]),2.5688229
tensor([nan]),5.6052547
tensor([nan]),1.5532211
tensor([nan]),1.5734276
tensor([nan]),2.0038614
tensor([nan]),1.3522534
tensor([nan]),2.6539602
tensor([nan]),1.0707033
tensor([nan]),4.670685
tensor([nan]),3.7806268
tensor([nan]),3.4199705
tensor([nan]),2.9066486
tensor([nan]),1.8656279
tensor([nan]),0.6898031
tensor([nan]),3.8090982
tensor([nan]),3.2536473
tensor([nan]),2.6705675
tensor([nan]),3.8126569
tensor([nan]),1.9044985
tensor([nan]),2.9763594
tensor([nan]),1.7302566
tensor([nan]),3.2875314
tensor([nan]),1.1362832
tensor([nan]),3.2445512
tensor([nan]),3.7732725
tensor([nan]),1.6576878
tensor([nan]),2.4809952
tensor([nan]),0.5200491
tensor([nan]),1.3986832
tensor([nan]),4.145163
tensor([nan]),1.2781887
tensor([nan]),3.965846
tensor([nan]),2.9977489
tensor([nan]),2.4582815
tensor([nan]),1.9438287
tensor([nan]),3.7052164
tensor([nan]),3.9934173
tensor([nan]),1.4994873
tensor([nan]),2.0411723
tensor([nan]),2.9723196
tensor([nan]),3.0516691
tensor([nan]),2.4281836
tensor([nan]),0.7057916
tensor([nan]),2.4242482
tensor([nan]),4.025739
tensor([nan]),2.4895754
tensor([nan]),3.3982863
tensor([nan]),1.6534983
tensor([nan]),2.0857286
tensor([nan]),3.4399838
tensor([nan]),2.3183844
tensor([nan]),1.6430186
tensor([nan]),3.132739
tensor([nan]),2.8872166
tensor([nan]),3.5827637
tensor([nan]),3.3357563
tensor([nan]),3.5596504
tensor([nan]),0.16492578
tensor([nan]),3.5556183
tensor([nan]),1.6234702
tensor([nan]),2.208861
tensor([nan]),1.7750163
tensor([nan]),3.1769357
tensor([nan]),1.5560459
tensor([nan]),0.74730074
tensor([nan]),1.5934852
tensor([nan]),1.3897315
tensor([nan]),1.365413
tensor([nan]),2.2106414
tensor([nan]),1.6089369
tensor([nan]),4.0493402
tensor([nan]),0.65529895
tensor([nan]),2.9490857
tensor([nan]),1.8218516
tensor([nan]),2.0932465
tensor([nan]),2.567572
tensor([nan]),2.8494916
tensor([nan]),1.8685925
tensor([nan]),1.5800756
tensor([nan]),3.1922903
tensor([nan]),2.2188728
tensor([nan]),2.6607637
tensor([nan]),2.3898096
tensor([nan]),2.5643291
tensor([nan]),2.2219849
tensor([nan]),0.83810717
tensor([nan]),1.4958223
tensor([nan]),2.8864613
tensor([nan]),1.4627393
tensor([nan]),0.9503378
tensor([nan]),3.6729097
tensor([nan]),1.9465199
tensor([nan]),2.3848886
tensor([nan]),3.764174
tensor([nan]),1.5911756
tensor([nan]),3.7437449
tensor([nan]),1.8517627
tensor([nan]),1.5682809
tensor([nan]),1.7205108
tensor([nan]),2.098902
tensor([nan]),2.107565
tensor([nan]),2.0083208
tensor([nan]),0.4247238
tensor([nan]),2.1803856
tensor([nan]),0.4405987
tensor([nan]),4.6031322
tensor([nan]),2.0069952
tensor([nan]),3.4002
tensor([nan]),1.6810025
tensor([nan]),4.6235557
tensor([nan]),1.8321962
tensor([nan]),1.7670127
tensor([nan]),1.5683056
tensor([nan]),2.3082223
tensor([nan]),1.4609135
tensor([nan]),1.6276236
tensor([nan]),1.3360853
tensor([nan]),0.8341342
tensor([nan]),2.586535
tensor([nan]),1.3086504
tensor([nan]),2.0650759
tensor([nan]),1.9251629
tensor([nan]),2.4822607
tensor([nan]),3.680388
tensor([nan]),2.6705675
tensor([nan]),2.2735183
tensor([nan]),2.3139026
tensor([nan]),1.8191733
tensor([nan]),1.4187257
tensor([nan]),3.2003736
tensor([nan]),0.10459906
tensor([nan]),3.8269567
tensor([nan]),2.190961
tensor([nan]),1.9918033
tensor([nan]),2.676083
tensor([nan]),3.1579027
tensor([nan]),3.0129905
tensor([nan]),3.9476109
tensor([nan]),2.1553187
tensor([nan]),3.0002713
tensor([nan]),1.988069
tensor([nan]),1.4063866
tensor([nan]),1.7579743
tensor([nan]),3.346963
tensor([nan]),3.3756342
tensor([nan]),1.1423618
tensor([nan]),2.3921628
tensor([nan]),2.1019
tensor([nan]),1.9672107
tensor([nan]),1.4363164
tensor([nan]),1.5139102
tensor([nan]),4.409064
tensor([nan]),1.5218668
tensor([nan]),2.2133393
tensor([nan]),2.7900066
tensor([nan]),2.086356
tensor([nan]),2.1410341
tensor([nan]),2.4550982
tensor([nan]),0.9173668
tensor([nan]),2.7197714
tensor([nan]),2.5865698
tensor([nan]),1.9879502
tensor([nan]),1.2488595
tensor([nan]),1.5597743
tensor([nan]),2.7451282
tensor([nan]),2.1239958
tensor([nan]),1.7374429
tensor([nan]),2.379593
tensor([nan]),1.4515537
tensor([nan]),1.4008783
tensor([nan]),1.7628883
tensor([nan]),2.3921452
tensor([nan]),1.6486437
tensor([nan]),2.0842595
tensor([nan]),3.837254
tensor([nan]),0.37598512
tensor([nan]),3.466051
tensor([nan]),4.2380924
tensor([nan]),4.2848997
tensor([nan]),1.6557047
tensor([nan]),0.9019548
tensor([nan]),2.8373337
tensor([nan]),1.5838987
tensor([nan]),1.4609729
tensor([nan]),0.21543911
tensor([nan]),2.4278877
tensor([nan]),1.3596258
tensor([nan]),2.2674122
tensor([nan]),2.8091974
tensor([nan]),3.3392415
tensor([nan]),2.2705197
tensor([nan]),2.4907942
tensor([nan]),2.1948028
tensor([nan]),2.7782898
tensor([nan]),3.5556936
tensor([nan]),2.872005
tensor([nan]),1.682091
tensor([nan]),4.485171
tensor([nan]),1.5108061
tensor([nan]),3.8731136
tensor([nan]),2.5358167
tensor([nan]),1.8148581
tensor([nan]),0.37129503
tensor([nan]),3.1961932
tensor([nan]),4.289072
tensor([nan]),1.7400247
tensor([nan]),2.4686012
tensor([nan]),4.572291
tensor([nan]),3.464076
tensor([nan]),1.3328797
tensor([nan]),2.792066
tensor([nan]),2.646112
tensor([nan]),2.3324945
tensor([nan]),3.9686384
tensor([nan]),1.7509809
tensor([nan]),2.823604
tensor([nan]),4.2205324
tensor([nan]),1.9472988
tensor([nan]),2.504428
tensor([nan]),3.1579614
tensor([nan]),2.2411041
tensor([nan]),3.757793
tensor([nan]),0.4563276
tensor([nan]),1.3313944
tensor([nan]),2.3435674
tensor([nan]),1.3729931
tensor([nan]),3.0220041
tensor([nan]),0.21268769
tensor([nan]),1.3006549
tensor([nan]),3.5459967
tensor([nan]),1.6120069
tensor([nan]),3.816064
tensor([nan]),2.8950095
tensor([nan]),4.2512097
tensor([nan]),0.4696269
tensor([nan]),2.6790829
tensor([nan]),3.4595566
tensor([nan]),3.0670166
tensor([nan]),4.2270255
tensor([nan]),3.6596165
tensor([nan]),1.578814
tensor([nan]),3.996818
tensor([nan]),1.4057012
tensor([nan]),3.5612602
tensor([nan]),0.41533545
tensor([nan]),1.7894875
tensor([nan]),3.5305667
tensor([nan]),3.5129156
tensor([nan]),4.664822
tensor([nan]),2.3478417
tensor([nan]),3.7011662
tensor([nan]),1.1652869
tensor([nan]),0.79000896
tensor([nan]),2.4617066
tensor([nan]),1.6745771
tensor([nan]),3.4659777
tensor([nan]),2.6515346
tensor([nan]),2.859301
tensor([nan]),2.2501183
tensor([nan]),2.1454039
tensor([nan]),1.9903436
tensor([nan]),1.9774989
tensor([nan]),3.2813997
tensor([nan]),1.1559024
tensor([nan]),1.6686752
tensor([nan]),0.81782526
tensor([nan]),3.1193695
tensor([nan]),3.919455
tensor([nan]),4.055529
tensor([nan]),2.0958104
tensor([nan]),1.5056828
tensor([nan]),4.3061333
tensor([nan]),2.3046002
tensor([nan]),2.783935
tensor([nan]),2.8900928
tensor([nan]),1.2221308
tensor([nan]),3.4800978
tensor([nan]),1.7188642
tensor([nan]),1.6470008
tensor([nan]),3.28011
tensor([nan]),0.57711685
tensor([nan]),1.3035913
tensor([nan]),3.5768185
tensor([nan]),1.4823914
tensor([nan]),1.5488786
tensor([nan]),2.8176079
tensor([nan]),1.5189021
tensor([nan]),2.5769153
tensor([nan]),2.357327
tensor([nan]),2.9256535
tensor([nan]),1.4505261
tensor([nan]),1.2910956
tensor([nan]),2.886178
tensor([nan]),2.0923638
tensor([nan]),0.20229709
tensor([nan]),1.5684493
tensor([nan]),3.8053331
tensor([nan]),1.0344602
tensor([nan]),2.389439
tensor([nan]),1.6360953
tensor([nan]),2.568993
tensor([nan]),4.0770626
tensor([nan]),3.2260451
tensor([nan]),2.127274
tensor([nan]),1.3905785
tensor([nan]),1.6155897
tensor([nan]),3.934379
tensor([nan]),3.221367
tensor([nan]),3.4964747
tensor([nan]),3.6760426
tensor([nan]),1.1119108
tensor([nan]),4.2763033
tensor([nan]),1.8779267
tensor([nan]),2.6969876
tensor([nan]),3.056769
tensor([nan]),4.1290154
tensor([nan]),2.4293213
tensor([nan]),2.6320214
tensor([nan]),3.3500361
tensor([nan]),1.4229953
tensor([nan]),1.9559373
tensor([nan]),1.0871646
tensor([nan]),2.8756332
tensor([nan]),3.9656863
tensor([nan]),4.034204
tensor([nan]),3.1729145
tensor([nan]),3.6664286
tensor([nan]),1.7520459
tensor([nan]),0.8695157
tensor([nan]),1.4581796
tensor([nan]),2.8092709
tensor([nan]),2.1200743
tensor([nan]),3.40874
tensor([nan]),1.2555728
tensor([nan]),0.102199346
tensor([nan]),1.935606
tensor([nan]),3.280981
tensor([nan]),2.222339
tensor([nan]),4.6045785
tensor([nan]),1.2586935
tensor([nan]),2.2750254
tensor([nan]),4.3156424
tensor([nan]),0.94066924
tensor([nan]),3.506699
tensor([nan]),3.5013838
tensor([nan]),3.5605946
tensor([nan]),3.7452698
tensor([nan]),3.654479
tensor([nan]),2.947514
tensor([nan]),3.8650942
tensor([nan]),5.0768275
tensor([nan]),1.8559709
tensor([nan]),1.4524997
tensor([nan]),2.5502653
tensor([nan]),2.3192248
tensor([nan]),1.9459044
tensor([nan]),3.2323332
tensor([nan]),1.6565801
tensor([nan]),1.8028522
tensor([nan]),2.803244
tensor([nan]),1.8871924
tensor([nan]),1.8367814
tensor([nan]),3.0994945
tensor([nan]),3.448906
tensor([nan]),2.3024187
tensor([nan]),1.739406
tensor([nan]),4.508963
tensor([nan]),3.897151
tensor([nan]),4.0346155
tensor([nan]),1.311571
tensor([nan]),2.5407624
tensor([nan]),3.2372665
tensor([nan]),1.5416683
tensor([nan]),1.4095829
tensor([nan]),2.4091392
tensor([nan]),1.3865565
tensor([nan]),3.4885497
tensor([nan]),2.8053546
tensor([nan]),0.930783
tensor([nan]),1.6160029
tensor([nan]),3.0753016
tensor([nan]),1.967029
tensor([nan]),2.0830436
tensor([nan]),3.6868215
tensor([nan]),1.9703315
tensor([nan]),3.49936
tensor([nan]),3.5090475
tensor([nan]),2.5644765
tensor([nan]),1.881083
tensor([nan]),1.6016399
tensor([nan]),0.16190338
tensor([nan]),1.8129513
tensor([nan]),1.2823799
tensor([nan]),3.8856268
tensor([nan]),1.7485746
tensor([nan]),2.1428156
tensor([nan]),2.8083258
tensor([nan]),1.3182074
tensor([nan]),1.7581455
tensor([nan]),3.6706948
tensor([nan]),1.440291
tensor([nan]),0.4258133
tensor([nan]),2.2081542
tensor([nan]),0.50696695
tensor([nan]),2.1543229
tensor([nan]),3.2221236
tensor([nan]),1.4712216
tensor([nan]),1.8293477
tensor([nan]),2.4435363
tensor([nan]),4.1505303
tensor([nan]),1.4078208
tensor([nan]),2.6299758
tensor([nan]),3.4627762
tensor([nan]),1.863106
tensor([nan]),2.0171041
tensor([nan]),4.0631084
tensor([nan]),1.6821915
tensor([nan]),1.3540262
tensor([nan]),1.5328819
tensor([nan]),3.625811
tensor([nan]),3.505249
tensor([nan]),2.545308
tensor([nan]),3.036282
tensor([nan]),3.301118
tensor([nan]),1.7979468
tensor([nan]),2.0773458
tensor([nan]),2.974687
tensor([nan]),1.4309999
tensor([nan]),3.7349677
tensor([nan]),1.5695206
tensor([nan]),1.8920424
tensor([nan]),1.344667
tensor([nan]),1.7569464
tensor([nan]),1.4824735
tensor([nan]),1.260679
tensor([nan]),5.8018775
tensor([nan]),2.0318627
tensor([nan]),0.25023273
tensor([nan]),1.2278323
tensor([nan]),1.3828343
tensor([nan]),0.3054475
tensor([nan]),2.6195397
tensor([nan]),1.9490389
tensor([nan]),0.4307732
tensor([nan]),4.5187354
tensor([nan]),2.0977902
tensor([nan]),2.1924706
tensor([nan]),3.5907884
tensor([nan]),3.4709892
tensor([nan]),3.612863
tensor([nan]),3.8816314
tensor([nan]),1.6981504
tensor([nan]),4.391582
tensor([nan]),1.3871129
tensor([nan]),2.6371703
tensor([nan]),1.7539266
tensor([nan]),1.6178359
tensor([nan]),2.998642
tensor([nan]),2.622003
tensor([nan]),2.5264187
tensor([nan]),2.424519
tensor([nan]),3.529913
tensor([nan]),1.0356288
tensor([nan]),1.1920199
tensor([nan]),4.18023
tensor([nan]),3.4152389
tensor([nan]),2.546359
tensor([nan]),1.279336
tensor([nan]),1.5374366
tensor([nan]),3.092585
tensor([nan]),2.286876
tensor([nan]),3.8457704
tensor([nan]),2.721242
tensor([nan]),2.9923906
tensor([nan]),1.5493482
tensor([nan]),2.028665
tensor([nan]),1.5683423
tensor([nan]),1.3071129
tensor([nan]),1.3996116
tensor([nan]),3.9536223
tensor([nan]),1.5003364
tensor([nan]),2.2890623
tensor([nan]),3.0786576
tensor([nan]),1.450692
tensor([nan]),1.8160498
tensor([nan]),2.8402138
tensor([nan]),1.3422954
tensor([nan]),1.7670313
tensor([nan]),0.63651264
tensor([nan]),1.5126799
tensor([nan]),4.141142
tensor([nan]),3.8609715
tensor([nan]),4.945772
tensor([nan]),2.42134
tensor([nan]),1.5939316
tensor([nan]),1.986053
tensor([nan]),2.482616
tensor([nan]),3.638267
tensor([nan]),1.6237196
tensor([nan]),1.4978054
tensor([nan]),1.8155864
tensor([nan]),3.9370532
tensor([nan]),4.86072
tensor([nan]),0.2168755
tensor([nan]),3.298503
tensor([nan]),2.2342272
tensor([nan]),3.4246907
tensor([nan]),1.6249813
tensor([nan]),1.824515
tensor([nan]),1.4877642
tensor([nan]),0.5961649
tensor([nan]),3.2904463
tensor([nan]),3.2473712
tensor([nan]),1.9137858
tensor([nan]),2.4090838
tensor([nan]),3.2590427
tensor([nan]),2.6201115
tensor([nan]),1.5270628
tensor([nan]),1.289156
tensor([nan]),2.3265839
tensor([nan]),2.8425484
tensor([nan]),3.0767026
tensor([nan]),3.5020218
tensor([nan]),3.1724496
tensor([nan]),3.7919307
tensor([nan]),4.119154
tensor([nan]),2.1717343
tensor([nan]),0.9745401
tensor([nan]),1.7604814
tensor([nan]),1.6383718
tensor([nan]),1.6745182
tensor([nan]),2.7900434
tensor([nan]),0.9475279
tensor([nan]),1.8920895
tensor([nan]),2.517829
tensor([nan]),1.1139576
tensor([nan]),2.5528708
tensor([nan]),3.65807
tensor([nan]),2.7973895
tensor([nan]),1.8507437
tensor([nan]),1.360543
tensor([nan]),3.7399497
tensor([nan]),1.2495358
tensor([nan]),2.7076378
tensor([nan]),1.6146258
tensor([nan]),1.5175011
tensor([nan]),3.4325285
tensor([nan]),3.268363
tensor([nan]),0.19627756
tensor([nan]),1.5151889
tensor([nan]),3.2839732
tensor([nan]),2.7542682
tensor([nan]),1.7482573
tensor([nan]),1.5131809
tensor([nan]),1.2754244
tensor([nan]),0.039196163
tensor([nan]),4.0579977
tensor([nan]),1.2682123
tensor([nan]),1.7706572
tensor([nan]),3.5418186
tensor([nan]),5.2464747
tensor([nan]),3.9763007
tensor([nan]),3.0378327
tensor([nan]),3.0691228
tensor([nan]),2.2729912
tensor([nan]),1.7499638
tensor([nan]),3.4717689
tensor([nan]),1.9253001
tensor([nan]),2.4771237
tensor([nan]),2.7621593
tensor([nan]),3.2543259
tensor([nan]),2.657085
tensor([nan]),1.6082019
tensor([nan]),0.45442238
tensor([nan]),2.743627
tensor([nan]),2.0162668
tensor([nan]),2.6848087
tensor([nan]),3.7802858
tensor([nan]),3.1266966
tensor([nan]),1.3321617
tensor([nan]),2.2497602
tensor([nan]),2.2961192
tensor([nan]),3.9279451
tensor([nan]),1.449952
tensor([nan]),1.5080637
tensor([nan]),1.3594103
tensor([nan]),1.9642577
tensor([nan]),4.701573
tensor([nan]),3.3790903
tensor([nan]),1.896653
tensor([nan]),1.2838436
tensor([nan]),2.6428814
tensor([nan]),2.4925828
tensor([nan]),2.100467
tensor([nan]),1.3522673
tensor([nan]),2.7275257
tensor([nan]),3.0950494
tensor([nan]),2.4386034
tensor([nan]),3.3632984
tensor([nan]),3.3847928
tensor([nan]),3.5637107
tensor([nan]),2.3331876
tensor([nan]),1.5733114
tensor([nan]),0.91777796
tensor([nan]),1.763322
tensor([nan]),1.9042863
tensor([nan]),2.769631
tensor([nan]),2.1305165
tensor([nan]),2.997322
tensor([nan]),3.2113786
tensor([nan]),2.7274737
tensor([nan]),2.5919008
tensor([nan]),2.0842485
tensor([nan]),1.500175
tensor([nan]),2.8643823
tensor([nan]),0.9103061
tensor([nan]),1.9193891
tensor([nan]),3.3815799
tensor([nan]),2.8969312
tensor([nan]),2.1320086
tensor([nan]),3.076026
tensor([nan]),3.2768865
tensor([nan]),2.6982365
tensor([nan]),4.1271777
tensor([nan]),3.9560852
tensor([nan]),4.2075768
tensor([nan]),0.92248225
tensor([nan]),3.4503365
tensor([nan]),1.9683387
tensor([nan]),2.342774
tensor([nan]),1.6225415
tensor([nan]),4.220381
tensor([nan]),1.2210478
tensor([nan]),3.4840035
tensor([nan]),1.3359622
tensor([nan]),2.7118053
tensor([nan]),1.8764127
tensor([nan]),1.3943712
tensor([nan]),1.4850787
tensor([nan]),3.0290174
tensor([nan]),1.7052964
tensor([nan]),1.527695
tensor([nan]),2.204501
tensor([nan]),1.2395368
tensor([nan]),2.8575559
tensor([nan]),4.0428123
tensor([nan]),3.988019
tensor([nan]),3.3452349
tensor([nan]),1.4156268
tensor([nan]),1.5276574
tensor([nan]),2.791297
tensor([nan]),3.8082032
tensor([nan]),2.368424
tensor([nan]),1.83207
tensor([nan]),1.7356726
tensor([nan]),3.255568
tensor([nan]),1.721392
tensor([nan]),0.30939877
tensor([nan]),3.0433393
tensor([nan]),2.987105
tensor([nan]),2.5385585
tensor([nan]),3.322363
tensor([nan]),1.9913074
tensor([nan]),2.5706487
tensor([nan]),3.6002398
tensor([nan]),0.75550485
tensor([nan]),3.6068287
tensor([nan]),1.2660915
tensor([nan]),3.1757498
tensor([nan]),4.183276
tensor([nan]),2.0522437
tensor([nan]),1.296797
tensor([nan]),1.3226657
tensor([nan]),1.460709
tensor([nan]),2.737681
tensor([nan]),1.7195014
tensor([nan]),4.047439
tensor([nan]),2.0500534
tensor([nan]),1.7436658
tensor([nan]),2.3458197
tensor([nan]),2.3163953
tensor([nan]),3.9936962
tensor([nan]),0.9295281
tensor([nan]),2.2747343
tensor([nan]),1.4100609
tensor([nan]),3.256349
tensor([nan]),1.400428
tensor([nan]),0.9433251
tensor([nan]),1.2882493
tensor([nan]),1.8935722
tensor([nan]),0.34668642
tensor([nan]),1.3622218
tensor([nan]),1.3289344
tensor([nan]),4.232506
tensor([nan]),1.3330827
tensor([nan]),0.86310774
tensor([nan]),1.0809016
tensor([nan]),1.8864418
tensor([nan]),2.7275634
tensor([nan]),2.5013947
tensor([nan]),4.2039437
tensor([nan]),2.5484495
tensor([nan]),3.391502
tensor([nan]),2.9529767
tensor([nan]),1.6188949
tensor([nan]),2.9750433
tensor([nan]),1.1165075
tensor([nan]),0.98843974
tensor([nan]),1.8111998
tensor([nan]),3.411881
tensor([nan]),2.3239157
tensor([nan]),1.5139849
tensor([nan]),3.53027
tensor([nan]),3.214501
tensor([nan]),3.0561185
tensor([nan]),2.2986817
tensor([nan]),3.1764774
tensor([nan]),1.300539
tensor([nan]),2.5852432
tensor([nan]),2.9207625
tensor([nan]),4.6063604
tensor([nan]),2.4137087
tensor([nan]),3.2537293
tensor([nan]),5.1605134
tensor([nan]),4.619466
tensor([nan]),2.8974857
tensor([nan]),2.0902834
tensor([nan]),2.728712
tensor([nan]),1.7336454
tensor([nan]),1.5294815
tensor([nan]),2.0643225
tensor([nan]),1.7843441
tensor([nan]),1.8058279
tensor([nan]),0.14087468
tensor([nan]),2.3306649
tensor([nan]),3.3774624
tensor([nan]),1.1162262
tensor([nan]),3.2477741
tensor([nan]),2.976143
tensor([nan]),2.6374674
tensor([nan]),1.4888028
tensor([nan]),3.8302174
tensor([nan]),3.7922616
tensor([nan]),1.4825413
tensor([nan]),1.7100381
tensor([nan]),0.23918009
tensor([nan]),1.5717623
tensor([nan]),3.4894361
tensor([nan]),1.8842589
tensor([nan]),2.6524615
tensor([nan]),3.4697824
tensor([nan]),2.9159632
tensor([nan]),4.249831
tensor([nan]),2.6238618
tensor([nan]),2.3232727
tensor([nan]),2.4844246
tensor([nan]),1.5676302
tensor([nan]),2.001976
tensor([nan]),2.994937
tensor([nan]),2.2841644
tensor([nan]),2.831139
tensor([nan]),3.3614616
tensor([nan]),4.457586
tensor([nan]),3.7546015
tensor([nan]),2.247159
tensor([nan]),0.88076687
tensor([nan]),2.9416723
tensor([nan]),1.6486155
tensor([nan]),4.2522535
tensor([nan]),0.21389216
tensor([nan]),1.7361571
tensor([nan]),1.4639244
tensor([nan]),1.4754343
tensor([nan]),4.410345
tensor([nan]),2.3380747
tensor([nan]),2.6718707
tensor([nan]),1.5922343
tensor([nan]),2.283739
tensor([nan]),1.841597
tensor([nan]),1.5926478
tensor([nan]),1.8718779
tensor([nan]),4.47959
tensor([nan]),3.5312114
tensor([nan]),4.344082
tensor([nan]),1.6161476
tensor([nan]),0.16435003
tensor([nan]),2.3257928
tensor([nan]),3.896316
tensor([nan]),2.0303688
tensor([nan]),2.8340263
tensor([nan]),2.0825
tensor([nan]),1.6076118
tensor([nan]),3.3962698
tensor([nan]),0.38151693
tensor([nan]),2.5335221
tensor([nan]),2.507526
tensor([nan]),1.5201586
tensor([nan]),1.4446952
tensor([nan]),1.7058898
tensor([nan]),4.5445113
tensor([nan]),2.2007413
tensor([nan]),2.8037047
tensor([nan]),2.5173697
tensor([nan]),1.9878274
tensor([nan]),2.9195085
tensor([nan]),2.6347466
tensor([nan]),1.6440544
tensor([nan]),1.2892315
tensor([nan]),1.6162006
tensor([nan]),2.0585346
tensor([nan]),1.40742
tensor([nan]),1.8375283
tensor([nan]),3.1881971
tensor([nan]),1.7384806
tensor([nan]),2.600788
tensor([nan]),2.1840453
tensor([nan]),3.1089563
tensor([nan]),2.166769
tensor([nan]),1.4818243
tensor([nan]),2.2136638
tensor([nan]),3.6763349
tensor([nan]),1.3435005
tensor([nan]),2.9126701
tensor([nan]),2.8966231
tensor([nan]),2.2061644
tensor([nan]),3.1159067
tensor([nan]),3.215396
tensor([nan]),3.1709504
tensor([nan]),3.3313117
tensor([nan]),1.6966366
tensor([nan]),2.605617
tensor([nan]),1.6221827
tensor([nan]),2.4414854
tensor([nan]),1.9339768
tensor([nan]),2.9018073
tensor([nan]),2.2732306
tensor([nan]),1.9320003
tensor([nan]),3.8998556
tensor([nan]),4.5068307
tensor([nan]),3.9328098
tensor([nan]),2.5158906
tensor([nan]),1.5728551
tensor([nan]),4.0809007
tensor([nan]),3.3060288
tensor([nan]),3.337078
tensor([nan]),1.3481047
tensor([nan]),3.9260893
tensor([nan]),4.8224797
tensor([nan]),1.6067128
tensor([nan]),2.5769281
tensor([nan]),1.5163054
tensor([nan]),3.6468682
tensor([nan]),2.3023963
tensor([nan]),2.013154
tensor([nan]),2.2977638
tensor([nan]),3.2315087
tensor([nan]),1.5190257
tensor([nan]),3.2183032
tensor([nan]),3.0521674
tensor([nan]),0.58426356
tensor([nan]),4.4289083
tensor([nan]),1.3145559
tensor([nan]),4.0918174
tensor([nan]),2.3258705
tensor([nan]),2.1589942
tensor([nan]),2.9341888
tensor([nan]),2.826127
tensor([nan]),2.223279
tensor([nan]),2.2458239
tensor([nan]),4.4173527
tensor([nan]),2.064816
tensor([nan]),1.7622871
tensor([nan]),3.224454
tensor([nan]),1.7238768
tensor([nan]),3.111215
tensor([nan]),2.324159
tensor([nan]),2.0881996
tensor([nan]),3.3544989
tensor([nan]),1.9676214
tensor([nan]),2.3581047
tensor([nan]),1.5113972
tensor([nan]),0.20451581
tensor([nan]),1.7504927
tensor([nan]),3.8003097
tensor([nan]),1.6869597
tensor([nan]),3.6593742
tensor([nan]),4.0755687
tensor([nan]),2.5405564
tensor([nan]),3.6812286
tensor([nan]),2.0791132
tensor([nan]),2.1333423
tensor([nan]),1.7678055
tensor([nan]),3.684639
tensor([nan]),2.3041592
tensor([nan]),2.8167567
tensor([nan]),1.4501694
tensor([nan]),3.6647925
tensor([nan]),1.4194481
tensor([nan]),3.770701
tensor([nan]),1.671068
tensor([nan]),4.6660585
tensor([nan]),4.489167
tensor([nan]),1.5502087
tensor([nan]),2.0038524
tensor([nan]),2.0477757
tensor([nan]),2.8118477
tensor([nan]),1.5461091
tensor([nan]),1.4716539
tensor([nan]),3.4502897
tensor([nan]),4.295044
tensor([nan]),2.71798
tensor([nan]),3.1012874
tensor([nan]),4.1845326
tensor([nan]),3.6050696
tensor([nan]),2.0515566
tensor([nan]),1.5681741
tensor([nan]),2.2136273
tensor([nan]),1.3525922
tensor([nan]),2.7284718
tensor([nan]),2.8765779
tensor([nan]),0.8324559
tensor([nan]),1.484053
tensor([nan]),2.4494305
tensor([nan]),2.2100565
tensor([nan]),2.5836024
tensor([nan]),5.036465
tensor([nan]),3.1412396
tensor([nan]),3.520955
tensor([nan]),2.8654547
tensor([nan]),2.1412654
tensor([nan]),0.28631625
tensor([nan]),3.2023983
tensor([nan]),1.2080815
tensor([nan]),2.955473
tensor([nan]),2.0220404
tensor([nan]),2.06565
tensor([nan]),0.24370068
tensor([nan]),2.3420959
tensor([nan]),2.3642592
tensor([nan]),1.5059334
tensor([nan]),0.5918665
tensor([nan]),1.6859258
tensor([nan]),1.7671582
tensor([nan]),0.031797558
tensor([nan]),3.4230733
tensor([nan]),0.5096136
tensor([nan]),2.2358408
tensor([nan]),1.9408079
tensor([nan]),1.401485
tensor([nan]),2.3719692
tensor([nan]),1.2841908
tensor([nan]),3.1966934
tensor([nan]),3.5271912
tensor([nan]),2.0663881
tensor([nan]),1.7253822
tensor([nan]),3.3400216
tensor([nan]),3.392798
tensor([nan]),2.4047594
tensor([nan]),4.842317
tensor([nan]),2.9981084
tensor([nan]),3.6286502
tensor([nan]),3.7061586
tensor([nan]),2.379396
tensor([nan]),1.3066539
tensor([nan]),2.4517984
tensor([nan]),1.4161186
tensor([nan]),1.8177773
tensor([nan]),1.5023397
tensor([nan]),2.1466324
tensor([nan]),2.8405623
tensor([nan]),2.8944101
tensor([nan]),4.187046
tensor([nan]),3.6027722
tensor([nan]),1.7634114
tensor([nan]),2.2175941
tensor([nan]),5.1387496
tensor([nan]),1.8197736
tensor([nan]),3.9335523
tensor([nan]),2.3933625
tensor([nan]),2.02915
tensor([nan]),1.8050526
tensor([nan]),1.4866
tensor([nan]),2.38762
tensor([nan]),2.5502186
tensor([nan]),2.947824
tensor([nan]),1.7412492
tensor([nan]),3.3420339
tensor([nan]),2.3997743
tensor([nan]),1.6302072
tensor([nan]),4.0376167
tensor([nan]),2.0160747
tensor([nan]),1.3838726
tensor([nan]),3.8515859
tensor([nan]),1.5444511
tensor([nan]),2.7801127
tensor([nan]),1.7354041
tensor([nan]),3.2761612
tensor([nan]),4.2598724
tensor([nan]),3.4447193
tensor([nan]),2.3438485
tensor([nan]),3.5496802
tensor([nan]),3.5990129
tensor([nan]),2.3380408
tensor([nan]),2.185907
tensor([nan]),1.5848672
tensor([nan]),1.8938699
tensor([nan]),2.6407657
tensor([nan]),1.4983729
tensor([nan]),2.2021327
tensor([nan]),2.673565
tensor([nan]),1.8249123
tensor([nan]),1.9684385
tensor([nan]),1.4626014
tensor([nan]),2.276975
tensor([nan]),2.8890214
tensor([nan]),1.7274833
tensor([nan]),3.252181
tensor([nan]),3.6055312
tensor([nan]),3.7473106
tensor([nan]),4.1728144
tensor([nan]),1.5586523
tensor([nan]),1.4735367
tensor([nan]),3.6148443
tensor([nan]),1.1364574
tensor([nan]),1.6534402
tensor([nan]),2.5449042
tensor([nan]),2.9886422
tensor([nan]),2.274097
tensor([nan]),1.5982926
tensor([nan]),4.361137
tensor([nan]),2.1311998
tensor([nan]),1.5297343
tensor([nan]),2.8254104
tensor([nan]),2.6039448
tensor([nan]),1.0585284
tensor([nan]),2.4864278
tensor([nan]),2.1505325
tensor([nan]),1.627508
tensor([nan]),2.5386434
tensor([nan]),1.7016373
tensor([nan]),2.1656375
tensor([nan]),2.3225021
tensor([nan]),2.3466148
tensor([nan]),1.5649832
tensor([nan]),1.4656656
tensor([nan]),2.4150898
tensor([nan]),3.4472451
tensor([nan]),2.9839206
tensor([nan]),2.719544
tensor([nan]),1.5044497
tensor([nan]),1.438
tensor([nan]),1.8214705
tensor([nan]),1.3909628
tensor([nan]),2.6374063
tensor([nan]),3.1808386
tensor([nan]),3.408062
tensor([nan]),2.6921115
tensor([nan]),3.708259
tensor([nan]),0.4121322
tensor([nan]),1.8524278
tensor([nan]),0.18390805
tensor([nan]),0.43807596
tensor([nan]),0.22262672
tensor([nan]),2.100562
tensor([nan]),3.1540618
tensor([nan]),1.4032644
tensor([nan]),3.1753807
tensor([nan]),3.8430805
tensor([nan]),1.2738578
tensor([nan]),0.60874355
tensor([nan]),1.4559995
tensor([nan]),4.5396266
tensor([nan]),2.7991996
tensor([nan]),1.3126101
tensor([nan]),2.907349
tensor([nan]),2.7725348
tensor([nan]),3.625761
tensor([nan]),1.872719
tensor([nan]),1.6223179
tensor([nan]),3.41611
tensor([nan]),1.6069901
tensor([nan]),1.937358
tensor([nan]),2.3998156
tensor([nan]),3.5005221
tensor([nan]),3.6209316
tensor([nan]),1.7926515
tensor([nan]),2.1404147
tensor([nan]),2.0897334
tensor([nan]),1.2478613
tensor([nan]),0.3957949
tensor([nan]),2.1261225
tensor([nan]),3.3956418
tensor([nan]),1.5594496
tensor([nan]),1.7462953
tensor([nan]),2.577334
tensor([nan]),1.8909761
tensor([nan]),3.500731
tensor([nan]),4.494064
tensor([nan]),3.0680265
tensor([nan]),3.5713615
tensor([nan]),1.8954598
tensor([nan]),3.3943954
tensor([nan]),3.236456
tensor([nan]),3.9030514
tensor([nan]),3.5265183
tensor([nan]),1.668466
tensor([nan]),1.7271007
tensor([nan]),1.874947
tensor([nan]),1.5025815
tensor([nan]),3.6582527
tensor([nan]),0.43188417
tensor([nan]),2.0222034
tensor([nan]),2.3294728
tensor([nan]),2.5775433
tensor([nan]),3.4270205
tensor([nan]),5.0226445
tensor([nan]),1.3782302
tensor([nan]),3.3248858
tensor([nan]),4.8792
tensor([nan]),1.6963747
tensor([nan]),2.5143228
tensor([nan]),3.760347
tensor([nan]),2.5655947
tensor([nan]),3.272552
tensor([nan]),0.54695046
tensor([nan]),0.28377384
tensor([nan]),3.281333
tensor([nan]),2.0763016
tensor([nan]),3.654152
tensor([nan]),2.5970526
tensor([nan]),3.701623
tensor([nan]),2.0226164
tensor([nan]),3.061625
tensor([nan]),2.8361168
tensor([nan]),3.5148802
tensor([nan]),3.8150697
tensor([nan]),1.9059907
tensor([nan]),2.3075657
tensor([nan]),2.883563
tensor([nan]),2.13403
tensor([nan]),1.9438931
tensor([nan]),1.2436706
tensor([nan]),2.060482
tensor([nan]),3.7387018
tensor([nan]),4.208857
tensor([nan]),1.3287884
tensor([nan]),1.7150204
tensor([nan]),3.7602606
tensor([nan]),1.3883808
tensor([nan]),1.2299572
tensor([nan]),1.4447855
tensor([nan]),2.664678
tensor([nan]),3.3722892
tensor([nan]),1.6262133
tensor([nan]),2.486659
tensor([nan]),4.386926
tensor([nan]),3.6546688
tensor([nan]),2.4938211
tensor([nan]),2.1779604
tensor([nan]),3.8241906
tensor([nan]),1.3412871
tensor([nan]),1.7947841
tensor([nan]),1.0861924
tensor([nan]),1.8476772
tensor([nan]),1.2992291
tensor([nan]),2.3664436
tensor([nan]),2.6429057
tensor([nan]),2.0920458
tensor([nan]),2.8996186
tensor([nan]),1.3966037
tensor([nan]),1.9097638
tensor([nan]),3.2865663
tensor([nan]),3.0567846
tensor([nan]),2.2965612
tensor([nan]),2.3204885
tensor([nan]),3.491879
tensor([nan]),2.0222611
tensor([nan]),1.9922847
tensor([nan]),1.206163
tensor([nan]),1.554969
tensor([nan]),3.2062182
tensor([nan]),1.9753343
tensor([nan]),2.2186894
tensor([nan]),2.6455245
tensor([nan]),1.6900882
tensor([nan]),0.5157651
tensor([nan]),1.4563817
tensor([nan]),1.3546491
tensor([nan]),1.2055826
tensor([nan]),3.3801327
tensor([nan]),1.5451815
tensor([nan]),1.4821578
tensor([nan]),2.5459762
tensor([nan]),2.4753838
tensor([nan]),1.0674984
tensor([nan]),3.1181016
tensor([nan]),2.9507537
tensor([nan]),2.386092
tensor([nan]),1.9566199
tensor([nan]),2.2731645
tensor([nan]),1.4217831
tensor([nan]),1.2490982
tensor([nan]),2.723865
tensor([nan]),1.1527885
tensor([nan]),3.0695395
tensor([nan]),1.5964302
tensor([nan]),3.8811083
tensor([nan]),1.6597551
tensor([nan]),1.8636065
tensor([nan]),2.3168688
tensor([nan]),1.6208364
tensor([nan]),2.9062653
tensor([nan]),3.8540187
tensor([nan]),3.4793177
tensor([nan]),1.5556418
tensor([nan]),1.5599942
tensor([nan]),3.9113388
tensor([nan]),3.8543496
tensor([nan]),1.8693374
tensor([nan]),3.8736353
tensor([nan]),3.2872224
tensor([nan]),1.6508323
tensor([nan]),3.1684413
tensor([nan]),3.8890018
tensor([nan]),4.222015
tensor([nan]),1.9972543
tensor([nan]),1.4769608
tensor([nan]),1.9934291
tensor([nan]),1.8854355
tensor([nan]),4.2898455
tensor([nan]),1.5515517
tensor([nan]),2.4868007
tensor([nan]),2.385275
tensor([nan]),3.8856983
tensor([nan]),2.9031863
tensor([nan]),1.6168972
tensor([nan]),3.7185054
tensor([nan]),2.3133059
tensor([nan]),2.9069514
tensor([nan]),1.5073045
tensor([nan]),4.2345786
tensor([nan]),1.7696998
tensor([nan]),0.08047521
tensor([nan]),2.492208
tensor([nan]),1.5408233
tensor([nan]),3.9408956
tensor([nan]),4.4775124
tensor([nan]),1.6595912
tensor([nan]),3.4889474
tensor([nan]),2.2848377
tensor([nan]),1.8652135
tensor([nan]),4.1961513
tensor([nan]),1.7975094
tensor([nan]),3.7823033
tensor([nan]),1.5644852
tensor([nan]),2.8250127
tensor([nan]),3.6044645
tensor([nan]),2.9812684
tensor([nan]),1.8646951
tensor([nan]),3.7074375
tensor([nan]),1.5415174
tensor([nan]),3.4694996
tensor([nan]),0.33399382
tensor([nan]),1.4260702
tensor([nan]),1.5253011
tensor([nan]),3.7104673
tensor([nan]),1.4655712
tensor([nan]),3.752521
tensor([nan]),3.222145
tensor([nan]),0.10026863
tensor([nan]),1.2965021
tensor([nan]),3.7918496
tensor([nan]),4.5363975
tensor([nan]),4.2098494
tensor([nan]),1.8373574
tensor([nan]),3.4820375
tensor([nan]),2.4440007
tensor([nan]),2.4757962
tensor([nan]),1.5548415
tensor([nan]),2.687108
tensor([nan]),2.0858326
tensor([nan]),1.4572114
tensor([nan]),4.6912317
tensor([nan]),1.6189951
tensor([nan]),1.5236057
tensor([nan]),1.7115607
tensor([nan]),5.7016587
tensor([nan]),2.018352
tensor([nan]),3.189971
tensor([nan]),1.327404
tensor([nan]),3.203528
tensor([nan]),3.888082
tensor([nan]),1.4539156
tensor([nan]),1.8885405
tensor([nan]),3.3347702
tensor([nan]),1.6728512
tensor([nan]),4.9571805
tensor([nan]),1.5320965
tensor([nan]),3.1946921
tensor([nan]),1.8532534
tensor([nan]),3.5862226
tensor([nan]),3.8420625
tensor([nan]),2.4443588
tensor([nan]),2.3096743
tensor([nan]),2.634822
tensor([nan]),2.7121854
tensor([nan]),1.4754726
tensor([nan]),2.4837384
tensor([nan]),1.4617184
tensor([nan]),3.2992806
tensor([nan]),1.7054224
tensor([nan]),1.4763216
tensor([nan]),3.152576
tensor([nan]),2.4994535
tensor([nan]),2.6262116
tensor([nan]),4.4611325
tensor([nan]),3.1966395
tensor([nan]),1.1243483
tensor([nan]),1.5984104
tensor([nan]),2.9121218
tensor([nan]),2.5069456
tensor([nan]),1.8906089
tensor([nan]),4.9143853
tensor([nan]),1.8665944
tensor([nan]),1.3482635
tensor([nan]),4.3294454
tensor([nan]),1.5857669
tensor([nan]),1.7023047
tensor([nan]),2.181275
tensor([nan]),1.1747231
tensor([nan]),1.5292015
tensor([nan]),2.8948903
tensor([nan]),2.2826557
tensor([nan]),2.2114694
tensor([nan]),2.7051702
tensor([nan]),1.898008
tensor([nan]),3.8844395
tensor([nan]),1.9840593
tensor([nan]),1.596512
tensor([nan]),1.9003195
tensor([nan]),2.8587112
tensor([nan]),1.0493374
tensor([nan]),2.0634007
tensor([nan]),2.5486217
tensor([nan]),1.1883131
tensor([nan]),1.543088
tensor([nan]),3.6129756
tensor([nan]),4.032542
tensor([nan]),3.7130032
tensor([nan]),2.738778
tensor([nan]),2.6896067
tensor([nan]),4.2678275
tensor([nan]),1.7564875
tensor([nan]),3.8793225
tensor([nan]),1.3438904
tensor([nan]),1.3705306
tensor([nan]),3.1736813
tensor([nan]),2.7717376
tensor([nan]),0.97397983
tensor([nan]),2.488844
tensor([nan]),2.8984857
tensor([nan]),3.1848893
tensor([nan]),2.7001395
tensor([nan]),4.007865
tensor([nan]),2.84859
tensor([nan]),1.6794274
tensor([nan]),1.7908468
tensor([nan]),1.8081251
tensor([nan]),2.6223917
tensor([nan]),1.607328
tensor([nan]),2.2663426
tensor([nan]),3.0680227
tensor([nan]),2.5538573
tensor([nan]),2.4174352
tensor([nan]),3.3201485
tensor([nan]),2.878107
tensor([nan]),1.3505375
tensor([nan]),2.6457572
tensor([nan]),3.154107
tensor([nan]),3.8909187
tensor([nan]),2.294032
tensor([nan]),3.8159466
tensor([nan]),3.309215
tensor([nan]),4.200352
tensor([nan]),2.9126186
tensor([nan]),1.2550793
tensor([nan]),0.5725081
tensor([nan]),1.5145054
tensor([nan]),1.3375697
tensor([nan]),2.4324312
tensor([nan]),3.053698
tensor([nan]),1.8426598
tensor([nan]),2.2544014
tensor([nan]),0.00450325
tensor([nan]),1.5031128
tensor([nan]),3.403254
tensor([nan]),0.37783813
tensor([nan]),1.5473398
tensor([nan]),3.177536
tensor([nan]),2.1122432
tensor([nan]),4.2747808
tensor([nan]),2.8212757
tensor([nan]),2.5115123
tensor([nan]),1.623674
tensor([nan]),2.3051825
tensor([nan]),1.4519686
tensor([nan]),2.1539135
tensor([nan]),1.1142538
tensor([nan]),2.2818456
tensor([nan]),1.6439596
tensor([nan]),1.683002
tensor([nan]),1.4370682
tensor([nan]),3.3063374
tensor([nan]),0.89229286
tensor([nan]),1.5010718
tensor([nan]),2.8760586
tensor([nan]),0.55163056
tensor([nan]),2.692253
tensor([nan]),1.7412775
tensor([nan]),3.274087
tensor([nan]),1.5127676
tensor([nan]),2.859375
tensor([nan]),0.90022963
tensor([nan]),1.5591618
tensor([nan]),3.5819755
tensor([nan]),2.6221018
tensor([nan]),3.2582169
tensor([nan]),4.1278057
tensor([nan]),2.068668
tensor([nan]),2.503368
tensor([nan]),1.8313364
tensor([nan]),1.9853412
tensor([nan]),1.4873523
tensor([nan]),1.3840663
tensor([nan]),1.9155492
tensor([nan]),1.5542954
tensor([nan]),2.412975
tensor([nan]),0.07921225
tensor([nan]),1.4755205
tensor([nan]),1.287525
tensor([nan]),2.6308274
tensor([nan]),4.2295294
tensor([nan]),3.1188402
tensor([nan]),3.397613
tensor([nan]),2.028251
tensor([nan]),2.9451404
tensor([nan]),5.506734
tensor([nan]),2.291421
tensor([nan]),2.349609
tensor([nan]),2.18928
tensor([nan]),1.4780471
tensor([nan]),3.8708725
tensor([nan]),3.2940397
tensor([nan]),1.2616748
tensor([nan]),1.6500746
tensor([nan]),4.5071015
tensor([nan]),2.8594894
tensor([nan]),3.5831223
tensor([nan]),3.4445987
tensor([nan]),1.8466681
tensor([nan]),1.3244317
tensor([nan]),2.5009975
tensor([nan]),3.2358012
tensor([nan]),2.8008132
tensor([nan]),2.3534155
tensor([nan]),3.8158045
tensor([nan]),1.8693445
tensor([nan]),0.30730182
tensor([nan]),2.8167043
tensor([nan]),1.3945086
tensor([nan]),1.7142495
tensor([nan]),2.2060323
tensor([nan]),3.75527
tensor([nan]),4.4935718
tensor([nan]),1.8152007
tensor([nan]),4.6410127
tensor([nan]),0.8504621
tensor([nan]),0.5324922
tensor([nan]),2.268492
tensor([nan]),3.3400116
tensor([nan]),1.8852967
tensor([nan]),1.7381076
tensor([nan]),1.9658083
tensor([nan]),1.7521616
tensor([nan]),0.9518196
tensor([nan]),2.9839725
tensor([nan]),3.8787866
tensor([nan]),0.31358263
tensor([nan]),2.2441015
tensor([nan]),1.4509352
tensor([nan]),1.3049362
tensor([nan]),2.9264216
tensor([nan]),1.8778181
tensor([nan]),1.1425307
tensor([nan]),1.5187229
tensor([nan]),4.037318
tensor([nan]),3.5268683
tensor([nan]),1.3858535
tensor([nan]),1.9341065
tensor([nan]),1.8201762
tensor([nan]),4.359568
tensor([nan]),1.6120125
tensor([nan]),2.4439359
tensor([nan]),2.00629
tensor([nan]),2.3129177
tensor([nan]),1.2451042
tensor([nan]),2.7215457
tensor([nan]),2.2199893
tensor([nan]),1.8592416
tensor([nan]),2.8528357
tensor([nan]),1.2318082
tensor([nan]),3.0231194
tensor([nan]),2.4669342
tensor([nan]),1.6576681
tensor([nan]),1.6603231
tensor([nan]),1.9995197
tensor([nan]),2.608182
tensor([nan]),2.9769073
tensor([nan]),4.104906
tensor([nan]),3.4645553
tensor([nan]),3.3177562
tensor([nan]),2.223223
tensor([nan]),3.1055684
tensor([nan]),1.7834381
tensor([nan]),1.3305888
tensor([nan]),3.248105
tensor([nan]),3.422092
tensor([nan]),2.0317678
tensor([nan]),2.922104
tensor([nan]),3.1126575
tensor([nan]),0.6236249
tensor([nan]),3.3029132
tensor([nan]),2.7164607
tensor([nan]),3.3318138
tensor([nan]),1.6009206
tensor([nan]),1.5359964
tensor([nan]),3.1769671
tensor([nan]),2.5546427
tensor([nan]),4.2865195
tensor([nan]),1.0042781
tensor([nan]),5.2368846
tensor([nan]),2.2203946
tensor([nan]),3.249217
tensor([nan]),1.2137297
tensor([nan]),2.2835195
tensor([nan]),3.4892793
tensor([nan]),3.9902472
tensor([nan]),1.8690103
tensor([nan]),3.6406765
tensor([nan]),3.5195608
tensor([nan]),2.9963608
tensor([nan]),3.810731
tensor([nan]),1.8447376
tensor([nan]),1.7480415
tensor([nan]),1.1516479
tensor([nan]),1.5562772
tensor([nan]),1.6039935
tensor([nan]),2.855411
tensor([nan]),1.608986
tensor([nan]),1.2240137
tensor([nan]),3.0277023
tensor([nan]),3.7210293
tensor([nan]),5.171455
tensor([nan]),0.7548152
tensor([nan]),1.3516572
tensor([nan]),3.5515928
tensor([nan]),2.3608108
tensor([nan]),1.9025918
tensor([nan]),3.1520267
tensor([nan]),2.8591142
tensor([nan]),2.2755575
tensor([nan]),2.2733536
tensor([nan]),2.7040577
tensor([nan]),1.0578108
tensor([nan]),1.881795
tensor([nan]),3.2541714
tensor([nan]),1.8500515
tensor([nan]),1.4628947
tensor([nan]),2.8669267
tensor([nan]),2.8983846
tensor([nan]),2.1835127
tensor([nan]),0.15313578
tensor([nan]),1.6874559
tensor([nan]),2.3395126
tensor([nan]),1.6458853
tensor([nan]),2.5779772
tensor([nan]),1.7391192
tensor([nan]),2.9690285
tensor([nan]),2.5673704
tensor([nan]),2.1653
tensor([nan]),1.7543027
tensor([nan]),1.2141099
tensor([nan]),2.3173761
tensor([nan]),1.6804034
tensor([nan]),2.3255253
tensor([nan]),2.0754342
tensor([nan]),3.6414437
tensor([nan]),1.7419935
tensor([nan]),1.6505294
tensor([nan]),1.8933567
tensor([nan]),2.8420563
tensor([nan]),3.9942698
tensor([nan]),4.394228
tensor([nan]),3.222569
tensor([nan]),0.80894667
tensor([nan]),0.9495113
tensor([nan]),1.775015
tensor([nan]),3.2264943
tensor([nan]),4.3123093
tensor([nan]),1.4685143
tensor([nan]),1.655787
tensor([nan]),3.0825696
tensor([nan]),1.9823047
tensor([nan]),1.8423194
tensor([nan]),3.6059155
tensor([nan]),1.7487795
tensor([nan]),2.555561
tensor([nan]),2.3487573
tensor([nan]),1.4273077
tensor([nan]),0.41330063
tensor([nan]),4.1968517
tensor([nan]),1.4230343
tensor([nan]),1.7751483
tensor([nan]),1.7256384
tensor([nan]),2.450972
tensor([nan]),2.8001323
tensor([nan]),2.0160232
tensor([nan]),3.6056142
tensor([nan]),3.4080987
tensor([nan]),1.2751105
tensor([nan]),1.8733803
tensor([nan]),2.3820772
tensor([nan]),0.54190123
tensor([nan]),2.917203
tensor([nan]),2.5079226
tensor([nan]),0.8439318
tensor([nan]),1.552069
tensor([nan]),3.0018444
tensor([nan]),1.5431923
tensor([nan]),1.4591421
tensor([nan]),1.6979377
tensor([nan]),1.6312627
tensor([nan]),1.9424676
tensor([nan]),1.6904565
tensor([nan]),2.2955732
tensor([nan]),2.3261547
tensor([nan]),1.4151165
tensor([nan]),2.3831053
tensor([nan]),2.2059965
tensor([nan]),3.532812
tensor([nan]),1.2060881
tensor([nan]),4.438311
tensor([nan]),2.1426287
tensor([nan]),2.785699
tensor([nan]),1.6524637
tensor([nan]),3.2838168
tensor([nan]),1.2893511
tensor([nan]),4.1491313
tensor([nan]),2.480186
tensor([nan]),3.1419778
tensor([nan]),3.4408188
tensor([nan]),1.9390281
tensor([nan]),1.5170075
tensor([nan]),1.9045502
tensor([nan]),3.5625577
tensor([nan]),3.1375823
tensor([nan]),2.27436
tensor([nan]),3.8412085
tensor([nan]),1.1641793
tensor([nan]),1.8019556
tensor([nan]),2.0967307
tensor([nan]),2.380805
tensor([nan]),2.2983084
tensor([nan]),1.855739
tensor([nan]),1.9129038
tensor([nan]),2.1387098
tensor([nan]),1.6268382
tensor([nan]),2.1800933
tensor([nan]),1.9965748
tensor([nan]),1.4627544
tensor([nan]),3.5582185
tensor([nan]),2.301262
tensor([nan]),1.2260898
tensor([nan]),1.4931736
tensor([nan]),1.3882369
tensor([nan]),1.5464662
tensor([nan]),2.311021
tensor([nan]),3.5897942
tensor([nan]),1.5234603
tensor([nan]),3.786821
tensor([nan]),1.5731384
tensor([nan]),2.4906955
tensor([nan]),2.277035
tensor([nan]),1.7351527
tensor([nan]),2.136185
tensor([nan]),2.177753
tensor([nan]),1.9851907
tensor([nan]),1.7796792
tensor([nan]),2.4940557
tensor([nan]),1.7422965
tensor([nan]),1.6256093
tensor([nan]),3.36023
tensor([nan]),2.173193
tensor([nan]),1.5855947
tensor([nan]),1.1323664
tensor([nan]),3.1294255
tensor([nan]),2.4873238
tensor([nan]),2.9000201
tensor([nan]),2.5266447
tensor([nan]),4.0032673
tensor([nan]),3.15135
tensor([nan]),2.9015183
tensor([nan]),1.7577213
tensor([nan]),1.4757804
tensor([nan]),3.9982615
tensor([nan]),3.0775213
tensor([nan]),3.1123023
tensor([nan]),3.166297
tensor([nan]),1.6010462
tensor([nan]),3.430471
tensor([nan]),2.0339031
tensor([nan]),2.5152712
tensor([nan]),1.5888911
tensor([nan]),1.6695844
tensor([nan]),4.0082126
tensor([nan]),3.2510133
tensor([nan]),1.4378035
tensor([nan]),5.1962543
tensor([nan]),2.0606952
tensor([nan]),4.177915
tensor([nan]),2.8817916
tensor([nan]),2.9990072
tensor([nan]),2.7309804
tensor([nan]),1.3169465
tensor([nan]),1.4392266
tensor([nan]),1.8550309
tensor([nan]),3.2507071
tensor([nan]),4.0817
tensor([nan]),4.306153
tensor([nan]),3.3958244
tensor([nan]),2.4504209
tensor([nan]),1.1748797
tensor([nan]),1.4353639
tensor([nan]),3.7206502
tensor([nan]),4.625483
tensor([nan]),0.14933029
tensor([nan]),3.2381392
tensor([nan]),1.5964313
tensor([nan]),2.6860557
tensor([nan]),3.8975925
tensor([nan]),2.9884233
tensor([nan]),4.2961164
tensor([nan]),1.0545137
tensor([nan]),1.9835836
tensor([nan]),3.3943963
tensor([nan]),1.8988713
tensor([nan]),2.6192355
tensor([nan]),2.603931
tensor([nan]),1.3713632
tensor([nan]),2.875033
tensor([nan]),3.339593
tensor([nan]),1.3846836
tensor([nan]),4.425797
tensor([nan]),1.5333252
tensor([nan]),3.879805
tensor([nan]),1.3243546
tensor([nan]),2.3393774
tensor([nan]),1.4646901
tensor([nan]),1.6595973
tensor([nan]),1.5245364
tensor([nan]),1.6746417
tensor([nan]),1.6790007
tensor([nan]),1.6004086
tensor([nan]),4.115682
tensor([nan]),3.3621473
tensor([nan]),0.6634486
tensor([nan]),1.7564751
tensor([nan]),3.709857
tensor([nan]),3.5906014
tensor([nan]),3.0639267
tensor([nan]),1.424917
tensor([nan]),1.682761
tensor([nan]),1.7083195
tensor([nan]),4.1149898
tensor([nan]),1.9813739
tensor([nan]),4.195438
tensor([nan]),3.1621618
tensor([nan]),2.1157327
tensor([nan]),2.6126995
tensor([nan]),2.7605247
tensor([nan]),2.8227143
tensor([nan]),2.4706426
tensor([nan]),2.9772592
tensor([nan]),2.1328454
tensor([nan]),3.4704504
tensor([nan]),1.480336
tensor([nan]),1.5460674
tensor([nan]),-0.028954864
tensor([nan]),3.5068884
tensor([nan]),2.0995731
tensor([nan]),2.140802
tensor([nan]),2.969976
tensor([nan]),2.0628624
tensor([nan]),1.2626367
tensor([nan]),2.267354
tensor([nan]),3.4415283
tensor([nan]),1.4404361
tensor([nan]),1.7846148
tensor([nan]),2.6164846
tensor([nan]),1.4401754
tensor([nan]),2.469038
tensor([nan]),5.0651274
tensor([nan]),2.7502623
tensor([nan]),3.7068925
tensor([nan]),2.4837255
tensor([nan]),2.1594052
tensor([nan]),2.5629673
tensor([nan]),0.27892295
tensor([nan]),0.20299184
tensor([nan]),1.3568745
tensor([nan]),3.2953596
tensor([nan]),2.006112
tensor([nan]),2.5660944
tensor([nan]),3.471634
tensor([nan]),4.5117726
tensor([nan]),3.894784
tensor([nan]),3.817812
tensor([nan]),2.081071
tensor([nan]),1.4277045
tensor([nan]),3.0717483
tensor([nan]),3.6367807
tensor([nan]),1.8045002
tensor([nan]),1.3791277
tensor([nan]),1.6338168
tensor([nan]),2.0566044
tensor([nan]),3.2390275
tensor([nan]),2.2097664
tensor([nan]),2.4988217
tensor([nan]),0.6705916
tensor([nan]),2.9526114
tensor([nan]),2.3210883
tensor([nan]),2.7169566
tensor([nan]),2.7079487
tensor([nan]),0.8212284
tensor([nan]),3.0234962
tensor([nan]),1.2740369
tensor([nan]),2.512549
tensor([nan]),2.758134
tensor([nan]),1.2367221
tensor([nan]),1.9308072
tensor([nan]),2.9061437
tensor([nan]),1.1962209
tensor([nan]),4.8336554
tensor([nan]),1.5716329
tensor([nan]),4.1233625
tensor([nan]),1.3421348
tensor([nan]),1.617936
tensor([nan]),3.042172
tensor([nan]),2.3827107
tensor([nan]),2.1965985
tensor([nan]),4.719543
tensor([nan]),1.8467001
tensor([nan]),3.1366596
tensor([nan]),3.5996084
tensor([nan]),4.820424
tensor([nan]),1.503428
tensor([nan]),2.3729281
tensor([nan]),1.1089429
tensor([nan]),1.2251897
tensor([nan]),1.3839563
tensor([nan]),2.273117
tensor([nan]),1.8989052
tensor([nan]),0.13420409
tensor([nan]),1.3356711
tensor([nan]),1.389043
tensor([nan]),2.3481817
tensor([nan]),2.3080606
tensor([nan]),1.4412856
tensor([nan]),0.22734126
tensor([nan]),2.3332171
tensor([nan]),3.4246516
tensor([nan]),3.3672328
tensor([nan]),1.4720346
tensor([nan]),1.7641878
tensor([nan]),1.4074495
tensor([nan]),2.9292803
tensor([nan]),4.992037
tensor([nan]),3.1248355
tensor([nan]),2.9393077
tensor([nan]),2.611754
tensor([nan]),2.5309577
tensor([nan]),1.3309988
tensor([nan]),2.710094
tensor([nan]),3.999988
tensor([nan]),2.5500045
tensor([nan]),2.0822845
tensor([nan]),1.2489498
tensor([nan]),1.0550953
tensor([nan]),4.22924
tensor([nan]),2.8488765
tensor([nan]),2.6744008
tensor([nan]),0.4362204
tensor([nan]),3.875113
tensor([nan]),0.88842124
tensor([nan]),1.8943511
tensor([nan]),2.3394413
tensor([nan]),1.8340088
tensor([nan]),1.3098552
tensor([nan]),2.9766421
tensor([nan]),1.9281648
tensor([nan]),1.60645
tensor([nan]),0.24930914
tensor([nan]),2.7797632
tensor([nan]),1.9287622
tensor([nan]),1.2368773
tensor([nan]),1.672638
tensor([nan]),4.0129766
tensor([nan]),1.6026505
tensor([nan]),1.7279407
tensor([nan]),1.6343426
tensor([nan]),2.5677514
tensor([nan]),2.410785
tensor([nan]),1.5281249
tensor([nan]),2.0746093
tensor([nan]),1.6928419
tensor([nan]),3.2981033
tensor([nan]),2.0311317
tensor([nan]),4.8117876
tensor([nan]),4.1053886
tensor([nan]),1.8411621
tensor([nan]),2.4417658
tensor([nan]),1.751629
tensor([nan]),1.1624331
tensor([nan]),3.3811736
tensor([nan]),2.3010185
tensor([nan]),3.7716193
tensor([nan]),4.9825873
tensor([nan]),3.7891393
tensor([nan]),1.8852803
tensor([nan]),2.8221593
tensor([nan]),2.2399383
tensor([nan]),4.234329
tensor([nan]),2.0161
tensor([nan]),3.9372501
tensor([nan]),1.8695166
tensor([nan]),4.1557927
tensor([nan]),4.6238885
tensor([nan]),3.9259896
tensor([nan]),1.5963777
tensor([nan]),2.1213622
tensor([nan]),4.328186
tensor([nan]),1.5961374
tensor([nan]),3.1930623
tensor([nan]),2.8522458
tensor([nan]),3.413312
tensor([nan]),1.9325227
tensor([nan]),2.454001
tensor([nan]),1.1648402
tensor([nan]),3.750248
tensor([nan]),4.4950557
tensor([nan]),2.4264655
tensor([nan]),2.008788
tensor([nan]),2.8115072
tensor([nan]),2.306089
tensor([nan]),2.7071896
tensor([nan]),2.325935
tensor([nan]),3.407587
tensor([nan]),1.4418359
tensor([nan]),1.4808222
tensor([nan]),2.994618
tensor([nan]),2.4087873
tensor([nan]),3.6408925
tensor([nan]),2.7988682
tensor([nan]),2.02777
tensor([nan]),2.9248967
tensor([nan]),1.452992
tensor([nan]),4.7372556
tensor([nan]),2.0698338
tensor([nan]),4.109841
tensor([nan]),2.7840605
tensor([nan]),1.680765
tensor([nan]),3.512175
tensor([nan]),3.565381
tensor([nan]),0.50965095
tensor([nan]),1.1175762
tensor([nan]),2.4068074
tensor([nan]),1.3213696
tensor([nan]),4.0159783
tensor([nan]),4.1420484
tensor([nan]),2.9266973
tensor([nan]),1.5992947
tensor([nan]),3.360186
tensor([nan]),4.197608
tensor([nan]),2.2061503
tensor([nan]),2.8797288
tensor([nan]),3.8355737
tensor([nan]),0.4926932
tensor([nan]),3.933567
tensor([nan]),4.1359463
tensor([nan]),0.9374964
tensor([nan]),2.3148656
tensor([nan]),1.6054591
tensor([nan]),1.9937954
tensor([nan]),1.828135
tensor([nan]),2.9597058
tensor([nan]),1.697774
tensor([nan]),2.7119632
tensor([nan]),1.841766
tensor([nan]),2.293509
tensor([nan]),1.3800144
tensor([nan]),0.4944824
tensor([nan]),1.1836882
tensor([nan]),3.58185
tensor([nan]),1.3112241
tensor([nan]),1.6331334
tensor([nan]),4.655088
tensor([nan]),2.8033495
tensor([nan]),4.1036034
tensor([nan]),2.402895
tensor([nan]),1.0687928
tensor([nan]),2.9412575
tensor([nan]),1.3151977
tensor([nan]),3.0634742
tensor([nan]),1.6571203
tensor([nan]),1.655358
tensor([nan]),1.6117504
tensor([nan]),1.9730498
tensor([nan]),4.114701
tensor([nan]),0.55617684
tensor([nan]),2.9680371
tensor([nan]),2.1694129
tensor([nan]),2.100946
tensor([nan]),3.2946196
tensor([nan]),1.5106612
tensor([nan]),1.8624009
tensor([nan]),1.3326881
tensor([nan]),4.3413067
tensor([nan]),3.6954713
tensor([nan]),2.3848798
tensor([nan]),3.7805367
tensor([nan]),1.9684796
tensor([nan]),2.5767097
tensor([nan]),2.0854287
tensor([nan]),1.9847692
tensor([nan]),3.7364144
tensor([nan]),1.7467479
tensor([nan]),1.0693014
tensor([nan]),4.631596
tensor([nan]),2.5469728
tensor([nan]),1.7035468
tensor([nan]),1.170083
tensor([nan]),2.8928814
tensor([nan]),1.8753203
tensor([nan]),2.5817719
tensor([nan]),2.1529636
tensor([nan]),1.7140764
tensor([nan]),1.755931
tensor([nan]),3.6309981
tensor([nan]),3.640458
tensor([nan]),1.3749275
tensor([nan]),1.6882651
tensor([nan]),2.8507314
tensor([nan]),1.604696
tensor([nan]),3.3107514
tensor([nan]),1.7539325
tensor([nan]),2.35055
tensor([nan]),1.6289784
tensor([nan]),1.6825806
tensor([nan]),3.5185947
tensor([nan]),2.4817858
tensor([nan]),2.4581542
tensor([nan]),2.7102275
tensor([nan]),1.6762488
tensor([nan]),3.6704235
tensor([nan]),2.7752194
tensor([nan]),2.1921954
tensor([nan]),1.9530689
tensor([nan]),1.6909566
tensor([nan]),3.8442798
tensor([nan]),2.130111
tensor([nan]),1.3018278
tensor([nan]),3.5395198
tensor([nan]),2.8215437
tensor([nan]),3.0171595
tensor([nan]),1.88581
tensor([nan]),2.075484
tensor([nan]),4.379514
tensor([nan]),1.4570853
tensor([nan]),1.6184961
tensor([nan]),1.3755239
tensor([nan]),1.8975469
tensor([nan]),1.4585536
tensor([nan]),1.614105
tensor([nan]),1.6973004
tensor([nan]),3.4291797
tensor([nan]),2.0321834
tensor([nan]),1.8744377
tensor([nan]),1.6492885
tensor([nan]),2.942534
tensor([nan]),1.5908152
tensor([nan]),1.6551416
tensor([nan]),1.8859086
tensor([nan]),1.2594167
tensor([nan]),1.6079508
tensor([nan]),3.2731276
tensor([nan]),2.1214323
tensor([nan]),1.8576434
tensor([nan]),1.772728
tensor([nan]),1.8354627
tensor([nan]),1.894797
tensor([nan]),2.9671783
tensor([nan]),1.4675822
tensor([nan]),2.0551944
tensor([nan]),1.9105936
tensor([nan]),4.128165
tensor([nan]),3.205634
tensor([nan]),3.3326268
tensor([nan]),1.8658503
tensor([nan]),1.3202779
tensor([nan]),5.20271
tensor([nan]),2.5163941
tensor([nan]),1.2965851
tensor([nan]),1.9999291
tensor([nan]),3.7762494
tensor([nan]),1.8078918
tensor([nan]),3.9354239
tensor([nan]),2.354091
tensor([nan]),1.6752154
tensor([nan]),1.7374028
tensor([nan]),3.7321858
tensor([nan]),2.4333034
tensor([nan]),1.5259837
tensor([nan]),3.7147617
tensor([nan]),3.617113
tensor([nan]),2.4643898
tensor([nan]),2.5049996
tensor([nan]),3.0517964
tensor([nan]),1.5299108
tensor([nan]),2.2116776
tensor([nan]),2.3032255
tensor([nan]),4.161356
tensor([nan]),1.476134
tensor([nan]),1.76886
tensor([nan]),3.7051864
tensor([nan]),0.94272655
tensor([nan]),4.3543196
tensor([nan]),2.1054368
tensor([nan]),3.0423808
tensor([nan]),1.5233377
tensor([nan]),1.8620754
tensor([nan]),4.330361
tensor([nan]),3.6041465
tensor([nan]),3.071199
tensor([nan]),1.4220898
tensor([nan]),2.0483418
tensor([nan]),3.3118944
tensor([nan]),1.3890362
tensor([nan]),1.6090032
tensor([nan]),3.2454858
tensor([nan]),2.081749
tensor([nan]),1.7909025
tensor([nan]),2.3827062
tensor([nan]),3.184967
tensor([nan]),3.5153804
tensor([nan]),3.5182
tensor([nan]),4.204771
tensor([nan]),0.8144945
tensor([nan]),2.8874192
tensor([nan]),1.939349
tensor([nan]),1.5362486
tensor([nan]),1.8183748
tensor([nan]),1.2497029
tensor([nan]),2.5765438
tensor([nan]),3.453331
tensor([nan]),3.208794
tensor([nan]),0.5489297
tensor([nan]),1.1581168
tensor([nan]),4.325651
tensor([nan]),2.2212415
tensor([nan]),1.9159267
tensor([nan]),2.2333865
tensor([nan]),2.5222998
tensor([nan]),2.0495734
tensor([nan]),2.9763908
tensor([nan]),3.983417
tensor([nan]),3.3108149
tensor([nan]),2.2645445
tensor([nan]),1.5343801
tensor([nan]),2.389477
tensor([nan]),3.088242
tensor([nan]),1.6705422
tensor([nan]),1.4028454
tensor([nan]),1.3185738
tensor([nan]),1.6814724
tensor([nan]),3.0313363
tensor([nan]),1.5501128
tensor([nan]),1.7459913
tensor([nan]),1.4585078
tensor([nan]),0.7724179
tensor([nan]),2.4446697
tensor([nan]),3.3794746
tensor([nan]),3.795649
tensor([nan]),1.661847
tensor([nan]),1.382481
tensor([nan]),1.5872158
tensor([nan]),3.6430707
tensor([nan]),2.848226
tensor([nan]),2.5487523
tensor([nan]),3.3693132
tensor([nan]),3.1237779
tensor([nan]),0.14099127
tensor([nan]),2.8863358
tensor([nan]),2.8559566
tensor([nan]),2.1855931
tensor([nan]),1.9895667
tensor([nan]),-0.018101484
tensor([nan]),2.2032871
tensor([nan]),2.9993505
tensor([nan]),2.725758
tensor([nan]),1.5854192
tensor([nan]),3.6347675
tensor([nan]),1.1491936
tensor([nan]),2.010281
tensor([nan]),3.0222516
tensor([nan]),1.280029
tensor([nan]),2.6848712
tensor([nan]),3.6931334
tensor([nan]),0.64721304
tensor([nan]),1.1635265
tensor([nan]),3.9724717
tensor([nan]),2.831153
tensor([nan]),1.1297562
tensor([nan]),1.2806331
tensor([nan]),2.073632
tensor([nan]),1.6514374
tensor([nan]),2.78235
tensor([nan]),1.553476
tensor([nan]),1.6884828
tensor([nan]),1.4663658
tensor([nan]),2.392362
tensor([nan]),3.4356346
tensor([nan]),2.051866
tensor([nan]),0.20705967
tensor([nan]),1.2921875
tensor([nan]),2.4994564
tensor([nan]),2.942172
tensor([nan]),3.19875
tensor([nan]),1.2104087
tensor([nan]),2.975975
tensor([nan]),2.3341496
tensor([nan]),1.3004886
tensor([nan]),0.6596418
tensor([nan]),2.7915435
tensor([nan]),2.5765324
tensor([nan]),1.4033492
tensor([nan]),0.48218545
tensor([nan]),3.8192143
tensor([nan]),1.4866978
tensor([nan]),1.7495524
tensor([nan]),3.771572
tensor([nan]),0.24772164
tensor([nan]),2.43156
tensor([nan]),0.81894296
tensor([nan]),3.453248
tensor([nan]),2.1031964
tensor([nan]),1.4006968
tensor([nan]),2.8831487
tensor([nan]),2.2872434
tensor([nan]),2.9029617
tensor([nan]),2.2136798
tensor([nan]),1.9663373
tensor([nan]),1.3343546
tensor([nan]),3.367713
tensor([nan]),1.2546737
tensor([nan]),2.8086925
tensor([nan]),1.9666467
tensor([nan]),2.0055337
tensor([nan]),2.844575
tensor([nan]),2.9010248
tensor([nan]),1.5873178
tensor([nan]),1.6081066
tensor([nan]),2.7709565
tensor([nan]),1.3976185
tensor([nan]),3.32369
tensor([nan]),1.1768079
tensor([nan]),3.3406606
tensor([nan]),1.6681246
tensor([nan]),1.451797
tensor([nan]),2.8838596
tensor([nan]),3.756947
tensor([nan]),1.180719
tensor([nan]),1.7112205
tensor([nan]),2.6960816
tensor([nan]),1.8176031
tensor([nan]),1.5632099
tensor([nan]),3.7517562
tensor([nan]),2.4043376
tensor([nan]),1.3531147
tensor([nan]),2.9775934
tensor([nan]),1.5152923
tensor([nan]),2.3126898
tensor([nan]),2.63275
tensor([nan]),2.7255993
tensor([nan]),3.0177689
tensor([nan]),1.9902885
tensor([nan]),1.4837779
tensor([nan]),3.7007656
tensor([nan]),1.361639
tensor([nan]),4.4812064
tensor([nan]),2.6888452
tensor([nan]),1.6363577
tensor([nan]),0.14618436
tensor([nan]),1.4006062
tensor([nan]),3.2220035
tensor([nan]),1.3958452
tensor([nan]),1.5309266
tensor([nan]),3.1425495
tensor([nan]),2.8848996
tensor([nan]),3.7459903
tensor([nan]),2.9175944
tensor([nan]),1.6939881
tensor([nan]),2.5064979
tensor([nan]),3.2905412
tensor([nan]),3.3277931
tensor([nan]),1.6300398
tensor([nan]),1.8181405
tensor([nan]),1.7297677
tensor([nan]),1.5488638
tensor([nan]),3.520444
tensor([nan]),4.978785
tensor([nan]),2.8556924
tensor([nan]),2.5191422
tensor([nan]),1.2508867
tensor([nan]),2.7842484
tensor([nan]),2.104434
tensor([nan]),2.1972356
tensor([nan]),1.637319
tensor([nan]),1.7458781
tensor([nan]),2.9058943
tensor([nan]),2.3975239
tensor([nan]),1.6716639
tensor([nan]),3.062223
tensor([nan]),1.2104504
tensor([nan]),2.2344108
tensor([nan]),2.5443797
tensor([nan]),3.1452665
tensor([nan]),2.8321495
tensor([nan]),0.25405854
tensor([nan]),1.2886435
tensor([nan]),1.3868232
tensor([nan]),3.7294393
tensor([nan]),4.264754
tensor([nan]),3.5904312
tensor([nan]),1.7257096
tensor([nan]),1.8338217
tensor([nan]),1.4401832
tensor([nan]),1.9556967
tensor([nan]),4.005618
tensor([nan]),4.598864
tensor([nan]),0.8785166
tensor([nan]),3.3974442
tensor([nan]),4.1464252
tensor([nan]),3.2535605
tensor([nan]),1.7740878
tensor([nan]),2.2475564
tensor([nan]),1.5089414
tensor([nan]),1.28724
tensor([nan]),1.6165811
tensor([nan]),0.16621625
tensor([nan]),3.179268
tensor([nan]),3.8901086
tensor([nan]),3.275804
tensor([nan]),2.7800055
tensor([nan]),1.349248
tensor([nan]),2.302747
tensor([nan]),4.4371953
tensor([nan]),3.5198822
tensor([nan]),1.5340787
tensor([nan]),1.8052733
tensor([nan]),2.9997835
tensor([nan]),1.7285486
tensor([nan]),0.017873496
tensor([nan]),3.5039787
tensor([nan]),1.9851164
tensor([nan]),3.4692903
tensor([nan]),4.3649306
tensor([nan]),2.680942
tensor([nan]),2.4949489
tensor([nan]),2.6617932
tensor([nan]),3.233923
tensor([nan]),2.8008313
tensor([nan]),2.1689396
tensor([nan]),2.582376
tensor([nan]),1.6352544
tensor([nan]),2.2167091
tensor([nan]),4.101869
tensor([nan]),2.2323723
tensor([nan]),3.186729
tensor([nan]),1.7069052
tensor([nan]),4.156414
tensor([nan]),3.1739883
tensor([nan]),3.1483517
tensor([nan]),3.960103
tensor([nan]),2.9392023
tensor([nan]),2.7804933
tensor([nan]),3.7857718
tensor([nan]),1.7380191
tensor([nan]),3.0533037
tensor([nan]),4.784865
tensor([nan]),3.4053454
tensor([nan]),3.9940944
tensor([nan]),4.1603613
tensor([nan]),1.7475141
tensor([nan]),2.6038828
tensor([nan]),2.845777
tensor([nan]),1.7092878
tensor([nan]),1.1651924
tensor([nan]),1.6287303
tensor([nan]),2.937265
tensor([nan]),2.9703035
tensor([nan]),0.5733184
tensor([nan]),1.9304136
tensor([nan]),1.4202707
tensor([nan]),2.4547815
tensor([nan]),2.6143727
tensor([nan]),2.5922961
tensor([nan]),4.1897316
tensor([nan]),1.2693031
tensor([nan]),2.0922222
tensor([nan]),1.6001354
tensor([nan]),2.4500337
tensor([nan]),1.3242364
tensor([nan]),1.4612285
tensor([nan]),3.5817833
tensor([nan]),1.3540019
tensor([nan]),1.6391593
tensor([nan]),2.8311534
tensor([nan]),3.4113898
tensor([nan]),3.3186736
tensor([nan]),3.588633
tensor([nan]),1.7360028
tensor([nan]),3.0602756
tensor([nan]),1.5560366
tensor([nan]),1.3678727
tensor([nan]),3.4423218
tensor([nan]),3.6091418
tensor([nan]),2.0115123
tensor([nan]),1.0653198
tensor([nan]),1.2446523
tensor([nan]),3.1018124
tensor([nan]),2.044119
tensor([nan]),2.553433
tensor([nan]),1.9852694
tensor([nan]),1.9462758
tensor([nan]),2.1597748
tensor([nan]),1.5934237
tensor([nan]),2.893436
tensor([nan]),1.0059683
tensor([nan]),0.78368235
tensor([nan]),2.6584992
tensor([nan]),4.214466
tensor([nan]),2.5752602
tensor([nan]),2.4169354
tensor([nan]),2.4323382
tensor([nan]),1.9145905
tensor([nan]),2.401286
tensor([nan]),2.9669871
tensor([nan]),3.7245622
tensor([nan]),1.9610406
tensor([nan]),1.8977021
tensor([nan]),2.216528
tensor([nan]),2.1988864
tensor([nan]),1.7741295
tensor([nan]),1.9417771
tensor([nan]),2.4538016
tensor([nan]),2.9166002
tensor([nan]),2.0053864
tensor([nan]),4.9388924
tensor([nan]),1.4535385
tensor([nan]),2.4198356
tensor([nan]),2.0624995
tensor([nan]),2.2248924
tensor([nan]),0.3337872
tensor([nan]),2.6872015
tensor([nan]),4.114402
tensor([nan]),3.6790547
tensor([nan]),3.8582883
tensor([nan]),1.7346553
tensor([nan]),2.4826393
tensor([nan]),1.6451288
tensor([nan]),2.758994
tensor([nan]),2.043673
tensor([nan]),0.38798347
tensor([nan]),0.3035003
tensor([nan]),4.1920967
tensor([nan]),1.4247868
tensor([nan]),2.8625574
tensor([nan]),2.7666235
tensor([nan]),3.0842757
tensor([nan]),1.2258683
tensor([nan]),2.3562841
tensor([nan]),3.301291
tensor([nan]),1.5483183
tensor([nan]),2.2718863
tensor([nan]),3.2287283
tensor([nan]),2.6452584
tensor([nan]),1.7477232
tensor([nan]),1.6759202
tensor([nan]),2.8667965
tensor([nan]),2.9751387
tensor([nan]),2.0751252
tensor([nan]),2.071741
tensor([nan]),2.5277119
tensor([nan]),4.513357
tensor([nan]),1.3779696
tensor([nan]),3.3924766
tensor([nan]),1.3641521
tensor([nan]),2.6035538
tensor([nan]),2.1678443
tensor([nan]),2.589447
tensor([nan]),2.3129172
tensor([nan]),1.6520537
tensor([nan]),4.2087836
tensor([nan]),2.322978
tensor([nan]),1.5318729
tensor([nan]),1.7344205
tensor([nan]),1.4763224
tensor([nan]),4.1492186
tensor([nan]),1.2787519
tensor([nan]),3.1122599
tensor([nan]),1.7887825
tensor([nan]),1.092271
tensor([nan]),3.493474
tensor([nan]),2.064916
tensor([nan]),2.499445
tensor([nan]),1.7588836
tensor([nan]),1.9234234
tensor([nan]),2.8646474
tensor([nan]),1.5078024
tensor([nan]),1.068907
tensor([nan]),2.821433
tensor([nan]),1.6330504
tensor([nan]),2.1659784
tensor([nan]),1.4100032
tensor([nan]),3.1139636
tensor([nan]),1.5232323
tensor([nan]),2.864099
tensor([nan]),2.6606326
tensor([nan]),2.171835
tensor([nan]),3.2139325
tensor([nan]),1.4275063
tensor([nan]),2.336709
tensor([nan]),2.373447
tensor([nan]),2.9573393
tensor([nan]),3.0088115
tensor([nan]),1.9489812
tensor([nan]),1.4542499
tensor([nan]),1.8605443
tensor([nan]),1.4209328
tensor([nan]),1.3961174
tensor([nan]),2.1337945
tensor([nan]),0.6398951
tensor([nan]),1.8599566
tensor([nan]),3.638022
tensor([nan]),4.0763307
tensor([nan]),1.4551408
tensor([nan]),2.582766
tensor([nan]),4.1032577
tensor([nan]),3.408702
tensor([nan]),1.7624362
tensor([nan]),2.3525167
tensor([nan]),1.7084037
tensor([nan]),2.8364024
tensor([nan]),1.4842998
tensor([nan]),1.9275519
tensor([nan]),2.8054395
tensor([nan]),2.3266356
tensor([nan]),3.2583513
tensor([nan]),3.9140067
tensor([nan]),1.9457234
tensor([nan]),1.1935649
tensor([nan]),3.5995708
tensor([nan]),3.9567752
tensor([nan]),1.4108506
tensor([nan]),2.611918
tensor([nan]),1.3193015
tensor([nan]),3.3126187
tensor([nan]),2.1139655
tensor([nan]),2.670845
tensor([nan]),2.9409199
tensor([nan]),4.0881424
tensor([nan]),2.2270741
tensor([nan]),2.9081602
tensor([nan]),3.603362
tensor([nan]),1.692814
tensor([nan]),3.7805681
tensor([nan]),3.4124894
tensor([nan]),1.4525906
tensor([nan]),3.3861775
tensor([nan]),2.6084752
tensor([nan]),1.995633
tensor([nan]),1.5093837
tensor([nan]),3.0297785
tensor([nan]),2.1553764
tensor([nan]),1.5467037
tensor([nan]),3.1169434
tensor([nan]),3.1433382
tensor([nan]),1.357948
